,Total $BYTE,Total Premium,Total Playtime,Simulation Run,$BYTE/h,Premium/h
0,13206556,44669415600,4666718,1,2.8299451563175664,9571.912337535716
1,13195142,44630899800,4668542,2,2.826394621704164,9559.922519707437
2,13155230,44496034800,4663984,3,2.820599298796908,9540.348937732206
3,13171976,44552130900,4668698,4,2.8213381975017446,9542.73137821294
4,13201592,44652210000,4670654,5,2.8264975311808582,9560.162238521629
5,13174946,44562642300,4667060,6,2.8229647786829397,9548.332847659984
6,13151160,44482945800,4663056,7,2.8202878112551084,9539.440615767857
7,13177030,44568823500,4664902,8,2.8247174324348077,9554.074983783154
8,13170514,44547745500,4669024,9,2.8208280788447437,9541.125832722213
9,13212586,44689647600,4672376,10,2.82780880648304,9564.651389357363
10,13167362,44537480400,4666354,11,2.8217666297927675,9544.385273813345
11,13186232,44600313300,4668018,12,2.8248031605705033,9554.443299061828
12,13188458,44608373100,4672230,13,2.8227330418237115,9547.555043309083
13,13147634,44470016400,4667526,14,2.816831443467053,9527.534801091628
14,13171960,44553118800,4665866,15,2.8230472113858394,9548.735175849457
15,13166072,44532720300,4666040,16,2.821680054178704,9544.00740242261
16,13168916,44542102500,4663792,17,2.823649939791483,9550.619431569847
17,13172814,44554590900,4665944,18,2.82318304720331,9548.891049699696
18,13179330,44578146600,4666032,19,2.8245262784310095,9553.759296978675
19,13177786,44572995000,4669294,20,2.822222374517432,9545.981683740625
20,13162906,44522568900,4665390,21,2.8213945672280345,9543.161214818054
21,13176800,44568748800,4670432,22,2.8213235949051394,9542.746538221732
22,13181478,44585562300,4671286,23,2.821809240538901,9544.601272540367
23,13148790,44474644800,4665972,24,2.8180173391524854,9531.699890183652
24,13136672,44434233600,4663880,25,2.8166831050541608,9527.310651217442
25,13164502,44527257300,4665026,26,2.8219568336810985,9544.910853658694
26,13185056,44596635000,4666164,27,2.825673508260747,9557.451259749978
27,13200746,44649514800,4671396,28,2.825867470880225,9558.06675349296
28,13163496,44524447800,4663872,29,2.8224393808406405,9546.670191634761
29,13190696,44615172600,4666404,30,2.8267368191866797,9560.932272473621
30,13176044,44566876500,4671274,31,2.8206532093814234,9540.62564088512
31,13161872,44518761300,4666782,32,2.8203314403801163,9539.49880238674
32,13176070,44565687000,4667040,33,2.8232177140114505,9549.026149336625
33,13146238,44465556000,4661692,34,2.820057180954898,9538.501471139663
34,13204758,44663733600,4669388,35,2.827941905877173,9565.222166159676
35,13156978,44501792700,4666094,36,2.819698445852141,9537.26879484211
36,13196516,44635192500,4670792,37,2.8253272678380883,9556.23639417041
37,13212968,44691012600,4670804,38,2.8288423149419244,9568.162697471356
38,13194252,44627118900,4668188,39,2.8264183019192886,9559.837542960995
39,13182410,44587016400,4667730,40,2.824158638138881,9552.184123760371
40,13150392,44480256900,4667458,41,2.817463381566583,9529.867628160768
41,13173532,44556880500,4665000,42,2.823908252947481,9551.314147909969
42,13146496,44466594300,4661884,43,2.819996379146285,9538.33134844196
43,13208974,44677952100,4672118,44,2.8271918645890364,9562.676306548765
44,13138734,44440006500,4664240,45,2.816907792051867,9527.812998473491
45,13150276,44479327800,4669902,46,2.8159640180886023,9524.681203160151
46,13162764,44521309500,4668884,47,2.8192527379133856,9535.749763755108
47,13183302,44590523100,4667608,48,2.8244235591335003,9553.185078952645
48,13154318,44493224100,4666238,49,2.8190413776579764,9535.138177692608
49,13162088,44518631400,4664266,50,2.8218990940911173,9544.61675213206
50,13135664,44428991100,4662432,51,2.8173416791923187,9529.145111392509
51,13158238,44506304100,4662756,52,2.8219872538901885,9545.063927857258
52,13176526,44568474000,4670090,53,2.8214715348098216,9543.386530024047
53,13200446,44648317800,4666778,54,2.8285995176972207,9567.268423739033
54,13172406,44554191000,4662734,55,2.825039129403479,9555.379097327877
55,13176238,44566941600,4666082,56,2.823833357407778,9551.255550159642
56,13131110,44415575400,4667008,57,2.813603490716108,9516.927204753023
57,13209166,44677609800,4670558,58,2.8281772756060413,9565.797020398848
58,13220550,44715782700,4669476,59,2.8312705751137814,9576.188570195029
59,13145386,44462760000,4668202,60,2.8159419836588047,9524.60069208659
60,13187540,44604946800,4667956,61,2.825120888028936,9555.5628202151
61,13176058,44566258500,4667900,62,2.8226950020351764,9547.389297114334
62,13178614,44575105200,4667868,63,2.823261926001335,9549.349981619018
63,13182702,44589756600,4666318,64,2.825075787805289,9555.661787302108
64,13197902,44640782400,4668184,65,2.827202612407737,9562.772675627182
65,13146900,44468829300,4668980,66,2.815797026331233,9524.313511730614
66,13212480,44689476900,4671248,67,2.8284689658951954,9566.924492127157
67,13193496,44624196600,4666534,68,2.82725808919425,9562.599693905584
68,13182304,44586674700,4667148,69,2.82448810279854,9553.302080842519
69,13184070,44593529400,4665878,70,2.8256353895236868,9557.371495782787
70,13198928,44643563100,4665766,71,2.828887689609809,9568.324493770155
71,13163814,44524701300,4666012,72,2.821213061603785,9542.346076263842
72,13183450,44591447400,4666424,73,2.825171908939265,9555.807059109931
73,13167282,44536931700,4670222,74,2.819412439066066,9536.362875255181
74,13189150,44610104400,4666784,75,2.826175370447829,9559.067743439593
75,13205918,44667138000,4670350,76,2.827607781001424,9563.980857965676
76,13155350,44496349800,4667610,77,2.818433845158443,9533.005071117766
77,13196476,44635572600,4664292,78,2.829255972825029,9569.6351343355
78,13200874,44649299100,4667956,79,2.8279773845340443,9565.064259388906
79,13139730,44444312700,4664206,80,2.8171418672331368,9528.805695974836
80,13182826,44589063000,4667756,81,2.8242320292663115,9552.569371663814
81,13203872,44660205000,4666460,82,2.8295264504570916,9570.467763572387
82,13164370,44526590400,4666178,83,2.8212318518496295,9542.41145537097
83,13170362,44547033300,4667854,84,2.8215025577063892,9543.364745341221
84,13173018,44555972700,4664556,85,2.824066856523965,9552.028681829524
85,13177384,44571200100,4665466,86,2.82445183396471,9553.429410909865
86,13197266,44637864300,4671040,87,2.825337826265671,9556.301016475989
87,13200800,44649925800,4671934,88,2.8255536144132174,9557.054059410943
88,13170918,44548713600,4667938,89,2.821570894900489,9543.552977781625
89,13138754,44440212000,4661846,90,2.8183586501999423,9532.749902077418
90,13161438,44517251700,4667962,91,2.819525523129794,9536.763945379162
91,13171098,44549826300,4666560,92,2.822442655832133,9546.609558218473
92,13176218,44566729800,4669088,93,2.8220110651159285,9545.061005489722
93,13158516,44506838400,4664864,94,2.8207716237815292,9540.865157054954
94,13165238,44530438500,4666410,95,2.8212775988393646,9542.761673320603
95,13159540,44511361800,4665260,96,2.8207516837218076,9541.024894646815
96,13157544,44503683000,4666082,97,2.8198269983253614,9537.698437361367
97,13171908,44551983000,4666388,98,2.822720271010469,9547.423617581735
98,13146142,44465233500,4668582,99,2.8158747131355946,9524.355253907932
99,13135736,44430331200,4665394,100,2.8155684171583366,9523.382419576996
100,13181132,44583353100,4666022,101,2.8249185280309437,9554.895604864272
101,13153238,44488716600,4664526,102,2.8198445029569994,9537.671480446244
102,13167082,44535846600,4667750,103,2.820862728295217,9541.18078303251
103,13197966,44640625200,4670570,104,2.8257720149788996,9557.853795147059
104,13166124,44532386700,4664624,105,2.8225477551888427,9546.833078078747
105,13174850,44562511200,4669904,106,2.821225018758416,9542.489781374521
106,13117362,44368975500,4660248,107,2.8147347523136106,9520.732694912374
107,13167384,44536965000,4667468,108,2.8210978629098262,9541.99685996776
108,13212306,44688173700,4665158,109,2.832124013806178,9579.134018612018
109,13175904,44566519500,4667686,110,2.8227914217023167,9547.882933856305
110,13133380,44422103700,4667700,111,2.813672686762217,9516.914904556848
111,13144290,44459876100,4660582,112,2.820310853880481,9539.55452344793
112,13158090,44505733800,4665574,113,2.8202510559258087,9539.176487180355
113,13146826,44467474500,4659680,114,2.8214010404147922,9543.031817635545
114,13211444,44684730600,4664868,115,2.8321152924369994,9578.991431268794
115,13145074,44461876500,4665466,116,2.8175264807416878,9529.996896344332
116,13147516,44469545400,4664428,117,2.8186770167746182,9533.76178172329
117,13189048,44610628800,4666916,118,2.826073578354528,9558.909738251128
118,13200562,44648145600,4665626,119,2.829322796126393,9569.59379084393
119,13141020,44447954700,4666712,120,2.81590550263226,9524.469198013505
120,13176040,44566919700,4665458,121,2.824168602525197,9552.528326265074
121,13209790,44679968100,4664842,122,2.8317765103298247,9578.02388591082
122,13198944,44643411000,4669248,123,2.8267815288457583,9561.156528845759
123,13189182,44610430500,4672200,124,2.8229061255939385,9548.0566970592
124,13163084,44521975500,4668296,125,2.8196763872727866,9537.09351335048
125,13166882,44535524100,4667060,126,2.821236924316379,9542.522294549459
126,13146240,44466131700,4668270,127,2.816083902602035,9525.184211710119
127,13130458,44412342000,4662952,128,2.815911036613716,9524.511940075728
128,13182768,44589041700,4668330,129,2.823872348355836,9551.390261613897
129,13202152,44654242500,4669948,130,2.827044755102198,9562.042767928036
130,13160732,44514518400,4664400,131,2.8215273132664436,9543.46076665809
131,13194394,44628708900,4666258,132,2.8276177613839613,9564.132309015062
132,13168306,44540432400,4667466,133,2.821296609337915,9542.743835734422
133,13159502,44510377800,4665152,134,2.820808839669104,9541.03484731044
134,13169922,44545711800,4664008,135,2.8237348649487735,9550.95098464668
135,13154386,44492839200,4663256,136,2.8208586446894617,9541.153048427965
136,13185852,44598621600,4663566,137,2.827418331808749,9563.201550058475
137,13155252,44495655300,4666160,138,2.8192886656265537,9535.818596018997
138,13154228,44492565600,4668066,139,2.8179181699658917,9531.26318265423
139,13157346,44502920100,4662598,140,2.8218915720377353,9544.661602823147
140,13175990,44566019700,4666158,141,2.823734215600929,9550.902412648693
141,13180000,44579582100,4666900,142,2.8241445070603612,9552.289978358225
142,13180474,44581148400,4667008,143,2.8241807170675517,9552.404538410905
143,13187216,44603972100,4668858,144,2.8245056928268113,9553.507967044618
144,13161402,44516718000,4667596,145,2.8197388977109417,9537.397409715837
145,13150066,44478560700,4665600,146,2.8185155178326475,9533.299189814816
146,13152202,44485433400,4664298,147,2.8197602297280318,9537.43380032751
147,13173074,44555826900,4669276,148,2.821224104122352,9542.341660677159
148,13150822,44481388800,4665024,149,2.819025582719403,9535.082520475778
149,13162864,44522099400,4667382,150,2.8201814207622173,9538.987680888344
150,13178714,44575347000,4665022,151,2.825005755599866,9555.227606643655
151,13151618,44484399900,4665340,152,2.8190052600667905,9535.082094766942
152,13160898,44515064400,4666282,153,2.82042491216776,9539.728717638582
153,13167650,44538028200,4664196,154,2.8231339334796393,9548.91865607706
154,13193940,44627465400,4670480,155,2.824964457614635,9555.220319967113
155,13231968,44754542700,4669382,156,2.8337728633039663,9584.682234180027
156,13148854,44474662800,4665310,157,2.8184309295630943,9533.056281361796
157,13185950,44599908600,4667156,158,2.8252644651260854,9556.121243858144
158,13194734,44629431600,4666596,159,2.8274858162137884,9563.594448715938
159,13187776,44606083200,4664876,160,2.8270367743965754,9562.115520326799
160,13192268,44621621400,4670102,161,2.82483508925501,9554.742358946336
161,13159060,44509268100,4664884,162,2.820876146116388,9541.345100971428
162,13147916,44471594400,4666098,163,2.8177539348723495,9530.788766116786
163,13188612,44608895400,4664828,164,2.827245077417645,9562.816764090767
164,13173944,44558745300,4666118,165,2.8233199417588666,9549.425303860726
165,13140566,44447146500,4668816,166,2.8145392750538893,9520.003893920857
166,13156582,44500905300,4665128,167,2.8201974308100444,9539.05344076304
167,13130336,44411748300,4662174,168,2.8163547735455605,9525.973998396455
168,13180750,44581742100,4667862,169,2.823723152055481,9550.784084876545
169,13183052,44588776500,4665856,170,2.8254305319324042,9556.397904264511
170,13169394,44543812200,4666510,171,2.822107742188488,9545.423067774418
171,13180034,44579724300,4670694,172,2.8218577367731648,9544.561108049467
172,13212084,44687959200,4670046,173,2.8291121757687185,9569.061889326144
173,13170398,44546393400,4668842,174,2.82091319432099,9541.208162537949
174,13180328,44580680100,4668710,175,2.8231198767968024,9548.82185871472
175,13175530,44564109900,4669824,176,2.8214189656826467,9542.995603260422
176,13137944,44437930200,4663904,177,2.8169413435611026,9528.054222385366
177,13209124,44677493700,4670018,178,2.828495307726865,9566.878264709045
178,13202712,44656105500,4669980,179,2.827145298266802,9562.376177199902
179,13163244,44523272400,4663622,180,2.8225366464091644,9546.929918419632
180,13219982,44714049600,4667852,181,2.8321339236976666,9579.148953308717
181,13182118,44587406100,4672486,182,2.8212215082078362,9542.544611155603
182,13191848,44619263100,4666518,183,2.8269146288517475,9561.57526875499
183,13175112,44562987000,4672750,184,2.819562784227703,9536.779626558236
184,13159638,44511100500,4661992,185,2.8227500175890476,9547.656988686382
185,13159410,44510549700,4663642,186,2.821702437708555,9544.16091543905
186,13176848,44569402200,4670988,187,2.820998041527831,9541.750524728388
187,13159722,44511010500,4669494,188,2.818232981989055,9532.298467457074
188,13188762,44609964900,4669766,189,2.8242875553079103,9552.933680188686
189,13157068,44502123900,4664588,190,2.820628102632001,9540.41898234099
190,13163646,44524659000,4662314,191,2.8234147249627544,9549.905690607711
191,13167420,44536941000,4666154,192,2.821900005872074,9544.678765424373
192,13215294,44699128200,4670930,193,2.829263979550111,9569.642062715562
193,13155646,44497547400,4667406,194,2.818620449988709,9533.678321534488
194,13175276,44563479900,4664270,195,2.8247241261762293,9554.223897844679
195,13130822,44413699500,4665056,196,2.8147190516040963,9520.50725650453
196,13174938,44562283800,4671684,197,2.8201689155345266,9538.805235970583
197,13122814,44387324400,4665488,198,2.8127419896911103,9513.972471904332
198,13161870,44518743900,4665108,199,2.82134304286203,9542.918170383195
199,13165050,44528952000,4667188,200,2.820767022884015,9540.85243619927
200,13141438,44450085000,4665994,201,2.8164283966074537,9526.391375556848
201,13177236,44569860300,4663732,202,2.825470245717378,9556.69414537542
202,13143712,44457456600,4671374,203,2.8136715236245267,9516.997911107095
203,13170912,44548316400,4668512,204,2.821222693654852,9542.294504116087
204,13179468,44577091200,4667302,205,2.8237872758180207,9550.933537191293
205,13166266,44533098600,4671148,206,2.8186360183834895,9533.651813215938
206,13169400,44544072600,4662602,207,2.8244744029192286,9553.479494925794
207,13149356,44476673400,4666830,208,2.817620526138728,9530.382165195646
208,13151158,44482439700,4662512,209,2.8206164402365075,9540.445086253934
209,13178932,44576742600,4670612,210,2.8216713355765797,9544.090281958766
210,13175616,44564679600,4665408,211,2.8241079879830444,9552.150551463023
211,13173120,44557108500,4664652,212,2.824030602926006,9552.075588918531
212,13152486,44487018600,4664704,213,2.819575690118816,9536.943523104574
213,13165626,44531061000,4666444,214,2.821340189660478,9542.825543390214
214,13155506,44496894900,4663946,215,2.8206814572896,9540.611083404481
215,13165122,44529717000,4666432,216,2.821239439468956,9542.562068835461
216,13123272,44388385500,4665704,217,2.8127099361639742,9513.759445519905
217,13157352,44503268700,4668368,218,2.8184050614690186,9532.93928413527
218,13175552,44564866200,4666788,219,2.8232591666902374,9549.365902200829
219,13171786,44552035800,4668256,220,2.821564627132702,9543.614531850866
220,13189642,44612196300,4670058,221,2.824299398422889,9552.814183464103
221,13174554,44560358400,4668358,222,2.8220959060980326,9545.18877943808
222,13172818,44555875200,4665548,223,2.823423529240295,9549.976808726435
223,13212980,44691063300,4667200,224,2.831029310935893,9575.562071477545
224,13170226,44546588700,4666598,225,2.822232812854246,9545.838038759714
225,13167386,44538410700,4669770,226,2.8197076087259116,9537.602644241579
226,13181584,44584911300,4666608,227,2.824660652876779,9554.029672087307
227,13140140,44445501900,4668268,228,2.8147784146068733,9520.76913750453
228,13166948,44536380900,4660178,229,2.825417398219553,9556.798238178884
229,13176482,44568258900,4666544,230,2.8236060776454694,9550.592236995944
230,13175684,44564681700,4664398,231,2.824734081439877,9554.219365500114
231,13139576,44443592400,4665352,232,2.816416853433567,9526.310640654767
232,13159572,44510494200,4666610,233,2.8199425278735526,9538.078862386186
233,13197174,44637392700,4671234,234,2.8252007927669647,9555.803177490145
234,13209292,44678435700,4668212,235,2.8296255611356127,9570.781211307456
235,13176900,44568979800,4669268,236,2.8220483381977646,9545.174918209877
236,13210710,44682898200,4665650,237,2.831483287430476,9576.993173512801
237,13193558,44625221700,4666554,238,2.8272592581163747,9562.778379935173
238,13171588,44551401900,4667232,239,2.822141260601573,9545.572600633523
239,13177770,44572674900,4667906,240,2.823058133561387,9548.751602967155
240,13156594,44500477800,4666450,241,2.8194010436198824,9536.259426330509
241,13170672,44547892800,4670808,242,2.819784499812452,9537.513166886758
242,13176342,44567292000,4666826,243,2.8234054580136476,9549.807942271686
243,13175020,44562796800,4663752,244,2.824982975081008,9555.138609428632
244,13154652,44494044900,4664014,245,2.820457228473156,9539.860922372874
245,13170062,44546079600,4670128,246,2.820064460759962,9538.51363388755
246,13201990,44653941300,4671098,247,2.8263140700537646,9559.624161171527
247,13185384,44597673000,4667344,248,2.825029395733419,9555.257336935096
248,13176872,44568380400,4661780,249,2.8265752566616187,9560.37831043078
249,13159794,44511861000,4665650,250,2.8205703385380385,9540.334358556685
250,13158940,44509003200,4666646,251,2.8197853447636696,9537.685781179887
251,13159858,44511634200,4665978,252,2.8203857797872174,9539.615103200229
252,13152636,44487609600,4667810,253,2.8177316557443426,9530.724172577718
253,13126288,44398473600,4668282,254,2.811802714574655,9510.666579268347
254,13173362,44556678300,4666836,255,2.8227608598202294,9547.513197378266
255,13186856,44603386200,4670622,256,2.823361856300938,9549.774355535515
256,13158276,44506192500,4666356,257,2.8198182907604994,9537.676186729002
257,13162110,44519015700,4664192,258,2.8219485818765606,9544.850576477125
258,13159350,44509755600,4663380,259,2.8218481015915495,9544.526845335358
259,13132474,44419922400,4666470,260,2.814220170707194,9518.955956001002
260,13157210,44502951300,4663620,261,2.821244012162226,9542.576646467765
261,13188650,44608344600,4664970,262,2.8271671629185184,9562.40760390742
262,13164798,44528486100,4663076,263,2.8232003939030803,9549.165851039099
263,13214540,44695361100,4669184,264,2.8301604734360435,9572.413745099786
264,13152472,44486790600,4665070,265,2.8193514781128686,9536.14642438377
265,13138362,44439096900,4664708,266,2.8165454300676482,9526.66209760611
266,13179230,44577483300,4669732,267,2.8222668881212027,9546.047460539492
267,13150444,44480604300,4659280,268,2.822419773012139,9546.669077625727
268,13177616,44572026000,4667784,269,2.82309892659986,9548.862158146136
269,13170502,44547999600,4666042,270,2.8226282575253285,9547.277885625548
270,13171716,44552392800,4670562,271,2.820156546471281,9538.978992249755
271,13174176,44559849000,4671556,272,2.8200830729632695,9538.545401146856
272,13169940,44545765800,4669424,273,2.820463508989546,9539.884533938233
273,13175468,44564155500,4665854,274,2.8238063171286543,9551.12515308023
274,13163996,44525704800,4667112,275,2.8205871211147278,9540.312038794013
275,13207066,44671497900,4671326,276,2.8272627515185196,9562.915947206426
276,13184670,44595100500,4666940,277,2.825120957201078,9555.533283050565
277,13108026,44337674100,4667816,278,2.808171101860056,9498.59079706655
278,13140016,44444923500,4668056,279,2.814879684391104,9521.07761774923
279,13152034,44485177500,4664358,280,2.8196879399051276,9537.256252628978
280,13162438,44520837000,4665092,281,2.8214744746727396,9543.399572827288
281,13183290,44591429700,4667624,282,2.8244113064805565,9553.346563476407
282,13163518,44523231900,4664274,283,2.822200839830593,9545.58670867106
283,13177332,44570478300,4663698,284,2.8255114289132788,9556.896329908155
284,13215652,44699541600,4672098,285,2.8286333034966304,9567.338185115124
285,13153838,44491851300,4664318,286,2.820098886911227,9538.768861814311
286,13142106,44451706800,4664332,287,2.8175751640320628,9530.133532518697
287,13156638,44501402400,4667602,288,2.818714620483923,9534.10389317684
288,13166288,44534056800,4667230,289,2.8210068927393763,9541.860332574139
289,13211442,44684795100,4668722,290,2.8297769710854492,9571.097850760872
290,13158906,44509144500,4665922,291,2.820215597260306,9539.196004562442
291,13197882,44640020100,4667054,292,2.827882857151428,9564.924704106703
292,13195458,44630539500,4667750,293,2.826941888490172,9561.4674093514
293,13201574,44652751500,4668158,294,2.8280049646991383,9565.389924676929
294,13190446,44614527300,4669334,295,2.824909505295616,9554.7946023994
295,13137202,44435687100,4669680,296,2.8132981274948174,9515.788469445444
296,13159650,44511166800,4668890,297,2.818582146934282,9533.565108623248
297,13224256,44728997700,4667520,298,2.8332510626628276,9583.03289541341
298,13196042,44634433800,4666160,299,2.8280303290071496,9565.560075093867
299,13209844,44680281300,4671994,300,2.827453117448353,9563.428655944335
300,13165160,44529797400,4667662,301,2.8205041410453457,9540.064683346824
301,13183296,44591718900,4671188,302,2.822257635530833,9546.119509640803
302,13176200,44567159700,4667294,303,2.823091924357026,9548.822015497632
303,13218860,44710817100,4668374,304,2.831576904506794,9577.38542370427
304,13158758,44508754500,4666140,305,2.8200521201678477,9538.666756676825
305,13133956,44424697200,4668338,306,2.813411539610028,9516.169823179041
306,13146012,44465459400,4669356,307,2.815380108091994,9522.824860644594
307,13176816,44568922200,4665712,308,2.8241811753490143,9552.437484353943
308,13118182,44370145200,4661976,309,2.813867338656398,9517.454658711242
309,13150152,44479228800,4665680,310,2.8184856226745083,9533.278921829187
310,13179998,44579224200,4669754,311,2.8224180545698982,9546.375290861146
311,13169662,44544962400,4664378,312,2.8234551316381307,9550.032694605798
312,13114740,44359151100,4662738,313,2.8126692943073364,9513.541421370877
313,13159304,44509896600,4669048,314,2.81841266142477,9532.970447080432
314,13172966,44555075100,4662906,315,2.8250550193377264,9555.216232109333
315,13102594,44318517900,4663284,316,2.80973537103895,9503.71409933429
316,13159372,44510131800,4667154,317,2.8195709848014445,9536.8894619719
317,13164846,44529669900,4667248,318,2.8206870515558635,9540.883599928695
318,13156620,44501446500,4667876,319,2.8185453084015086,9533.553697656065
319,13162336,44519786400,4664420,320,2.8218590950214604,9544.549247280476
320,13180416,44580097500,4664322,321,2.825794617095475,9557.680087266703
321,13185094,44597023200,4668814,322,2.8240778064836167,9552.109636408732
322,13199702,44646038100,4667638,323,2.8279189602964068,9565.017274261629
323,13217838,44707540500,4672822,324,2.828662850842596,9567.567628298275
324,13158446,44507265900,4662176,325,2.822382938782234,9546.457684137193
325,13165354,44530099500,4667364,326,2.8207257886892902,9540.738519644065
326,13130952,44414269500,4664398,327,2.815143990714343,9521.972503204057
327,13165928,44531913900,4667944,328,2.820498275043574,9539.941760226773
328,13208006,44674756500,4672168,329,2.8269544245840477,9561.89000481147
329,13193198,44624160000,4669452,330,2.8254274805694544,9556.616065439799
330,13200972,44649831300,4668020,331,2.827959605999974,9565.047129189677
331,13201556,44652745500,4669530,332,2.827170186292839,9562.5781395558
332,13156564,44500579800,4666148,333,2.819577090139447,9536.898486717524
333,13173012,44556475200,4664000,334,2.824402229845626,9553.27512864494
334,13165454,44531063700,4665298,335,2.821996365505483,9545.17025493334
335,13192248,44621327400,4668188,336,2.8259890132959513,9558.596911692503
336,13165026,44529836100,4672842,337,2.817348842524528,9529.497487824327
337,13204862,44663114400,4666078,338,2.8299702662493,9571.874795063435
338,13177354,44570846400,4665732,339,2.824284378099728,9552.808948306503
339,13169324,44544356400,4666180,340,2.822292324771012,9546.21476239665
340,13206288,44668842600,4668730,341,2.828668181711086,9567.664568308726
341,13178408,44574386100,4666646,342,2.8239570775242004,9551.696464655772
342,13164198,44526609600,4665296,343,2.8217283533563573,9544.219616504504
343,13185922,44599312500,4670900,344,2.822993855573872,9548.333832880173
344,13191350,44618664000,4666906,345,2.8265728943329904,9560.651960849436
345,13173574,44557723800,4666218,346,2.8231801428908807,9549.001739738693
346,13176664,44568967500,4666874,347,2.8234454154965403,9550.068739803131
347,13134270,44424947400,4665916,348,2.8149392316535486,9521.163132812506
348,13168514,44540677500,4667106,349,2.8215587989644977,9543.532437446245
349,13176932,44569364400,4668386,350,2.8225883635157847,9547.060675788163
350,13152638,44487765600,4666750,351,2.8183721004982054,9532.922397814325
351,13159584,44510463300,4669544,352,2.8181732520348883,9532.079213730505
352,13209682,44679120300,4665452,353,2.831383111432719,9576.589856674123
353,13154628,44494440600,4666926,354,2.818692218389578,9533.993168093944
354,13192072,44619742200,4666164,355,2.8271770987903553,9562.40333601648
355,13170332,44547077700,4666550,356,2.8222845571139277,9546.041015311097
356,13192644,44622854400,4664574,357,2.8282634169808434,9566.330044287002
357,13165116,44529702300,4667802,358,2.8204101202236083,9539.758177403412
358,13152386,44485718700,4664830,359,2.8194780945929434,9536.407264573414
359,13152138,44485474500,4669000,360,2.8169068322981365,9527.837759691583
360,13187288,44603944800,4670918,361,2.8232754246595637,9549.288769359684
361,13133522,44423262600,4668130,362,2.813443927225677,9516.28652158359
362,13147702,44470856700,4666188,363,2.8176537250535127,9530.446844404898
363,13145852,44465018100,4665324,364,2.8177790009868553,9530.960357737213
364,13188166,44607246300,4665182,365,2.826934940587527,9561.737634244495
365,13168154,44540039400,4665528,366,2.8224359600885474,9546.62353328498
366,13180836,44582438400,4665416,367,2.8252220166433175,9555.940649236853
367,13149568,44476610700,4665094,368,2.8187144782077276,9533.915222287054
368,13196170,44634600000,4667462,369,2.8272688668916857,9562.927346810751
369,13143992,44458438800,4665694,370,2.817156890271844,9528.794387287293
370,13170734,44548667100,4664900,371,2.823368989688954,9549.758215610194
371,13170594,44547897600,4669250,372,2.8207086791240563,9540.696600096375
372,13189108,44610477000,4666702,373,2.8262160300786294,9559.315550896543
373,13157392,44503231500,4665662,374,2.8200482589608935,9538.460244226864
374,13176576,44568333000,4663400,375,2.825529870909637,9557.047004331604
375,13155828,44497539300,4665542,376,2.8197855683219655,9537.485526869119
376,13174876,44563173900,4667284,377,2.8228142962802347,9547.988487522936
377,13173866,44558623500,4668728,378,2.821724889520229,9544.060716323589
378,13200084,44647260300,4668642,379,2.8273926336609234,9563.222088992901
379,13175160,44562342600,4664846,380,2.824350471591131,9552.800371116216
380,13168882,44542616400,4667574,381,2.8213547337439104,9542.990941332693
381,13156878,44501944500,4665264,382,2.820178665130205,9538.998114576152
382,13179054,44576139300,4670042,383,2.8220418574393977,9545.125996725512
383,13189540,44611826100,4668034,384,2.825502127876532,9556.876856509614
384,13180430,44581416900,4668780,385,2.8230993964161946,9548.836505468238
385,13161682,44517410700,4666904,386,2.8202170003925513,9538.960025747261
386,13202092,44654777700,4664002,387,2.8306360074459658,9574.347888358538
387,13176372,44567861100,4667072,388,2.8232630651509125,9549.426514097062
388,13187470,44605069800,4663112,389,2.8280405874874974,9565.515432612385
389,13195196,44630030700,4665552,390,2.8282175399609737,9565.862881819772
390,13183992,44593465200,4664526,391,2.826437670194142,9560.127910102763
391,13169430,44544047700,4665708,392,2.82260055708587,9547.114328629224
392,13181586,44584791600,4668606,393,2.823452225353778,9549.915242365709
393,13211338,44684961900,4667258,394,2.830642317180666,9574.135798792353
394,13168498,44541913200,4669976,395,2.8198213438356,9537.931929414626
395,13158744,44507788200,4666506,396,2.8198279397904984,9537.711555497839
396,13180136,44579627700,4668544,397,2.8231791325089794,9548.935963760865
397,13158716,44507499600,4668588,398,2.818564413908445,9533.396307406008
398,13194148,44627734800,4669146,399,2.8258161128394788,9558.007995466409
399,13187002,44603310600,4665422,400,2.8265400214600094,9560.402167263754
400,13191726,44619334800,4670128,401,2.8247033057766298,9554.199542282353
401,13175188,44563618500,4666698,402,2.8232356154180107,9549.282704816125
402,13141614,44449752300,4665906,403,2.816519235492528,9526.499740886336
403,13191420,44618364300,4668450,404,2.825653054011503,9557.425762297979
404,13182146,44587055700,4669316,405,2.8231428329117154,9548.948004375801
405,13151214,44481615300,4665100,406,2.819063685665902,9534.975734710939
406,13200238,44647706100,4667728,407,2.8279792652870945,9565.19019531558
407,13160676,44513803800,4669558,408,2.818398657860123,9532.766013399983
408,13155566,44496984600,4665706,409,2.8196302981799537,9537.031394605661
409,13191340,44617690500,4666560,410,2.826780326407461,9561.152219193582
410,13148974,44475167100,4663174,411,2.8197476654313136,9537.531110784199
411,13183102,44589814500,4666062,412,2.825316508867649,9556.198460286212
412,13145416,44462787000,4669014,413,2.8154586814261,9522.950027564706
413,13151986,44484665100,4664618,414,2.819520483778093,9536.614809615707
414,13153996,44492185500,4665134,415,2.8196394787373738,9537.172029785212
415,13175854,44566104000,4668296,416,2.8224118607731814,9546.546320113377
416,13133596,44423072100,4663730,417,2.8161141403983505,9525.223822991467
417,13173332,44557131600,4667936,418,2.822089248867165,9545.36043339069
418,13189460,44611654500,4670636,419,2.8239109191981564,9551.516003387975
419,13168302,44539799700,4663828,420,2.8234964925807726,9550.051953030857
420,13140926,44447717700,4666566,421,2.8159734588560412,9524.716397453716
421,13158308,44506586700,4664266,422,2.8210886771895085,9542.034416562006
422,13181646,44586402900,4670012,423,2.8226150168350745,9547.385081665743
423,13168966,44542211100,4668278,424,2.8209472529270965,9541.46498987421
424,13185882,44599966800,4671028,425,2.822907933756766,9548.212256488294
425,13184986,44596908000,4667384,426,2.824919912310622,9555.011543939818
426,13153480,44491449300,4667842,427,2.817893150625064,9531.481421179209
427,13179796,44579177400,4670128,428,2.8221487719394416,9545.600762976946
428,13169998,44546051400,4666914,429,2.8219928629496924,9545.076553799792
429,13168666,44541119100,4666316,430,2.8220690583320973,9545.242778243051
430,13177120,44570520000,4667790,431,2.822989037638797,9548.52724736974
431,13149870,44477847000,4668650,432,2.8166322170220512,9526.918274019255
432,13188780,44608822500,4669116,433,2.8246845869753505,9554.018897795642
433,13161886,44518229400,4666904,434,2.820260712455195,9539.135452539842
434,13164254,44525760600,4666474,435,2.821028039586206,9541.628347227479
435,13150514,44480192100,4663464,436,2.8199025445462857,9538.015539521695
436,13153260,44490171300,4664628,437,2.8197875586220382,9537.77478075422
437,13204672,44662719900,4668632,438,2.8283814187967695,9566.553949850835
438,13173566,44557567800,4665484,439,2.8236225866383853,9550.470604979033
439,13162856,44522847300,4666004,440,2.8210125837868976,9541.965094757741
440,13192742,44622187800,4667876,441,2.8262837316158356,9559.420130269098
441,13155292,44496877200,4670026,442,2.816963331681665,9528.186181404557
442,13167852,44538824700,4668922,443,2.8203195512797175,9539.423597138697
443,13184632,44595498900,4667466,444,2.8247944387811286,9554.541779200963
444,13179060,44576051700,4663062,445,2.82626737538553,9559.39502841695
445,13155770,44499124200,4666464,446,2.8192160059522586,9535.940746569566
446,13186668,44601758700,4666406,447,2.825872416587841,9558.053606994334
447,13176522,44567740800,4668086,448,2.8226819300244252,9547.326420293028
448,13192370,44622131400,4670120,449,2.8248460424999786,9554.81473709455
449,13160468,44513142000,4668302,450,2.8191123881873965,9535.18902590278
450,13172562,44554548900,4665012,451,2.823693058024288,9550.789772888043
451,13180696,44581468800,4670196,452,2.8223003916752103,9545.952418271096
452,13164808,44528878500,4665870,453,2.821511958112849,9543.531752920677
453,13187712,44605100100,4665578,454,2.82659769057553,9560.466055867033
454,13163040,44522700600,4668224,455,2.8197104509123814,9537.395934728067
455,13139584,44443638900,4664038,456,2.817212038152348,9529.004459226104
456,13124810,44393215500,4661386,457,2.8156453895901348,9523.608536173575
457,13168816,44542139400,4665704,458,2.822471378381483,9546.713507757886
458,13181544,44585318400,4666496,459,2.8247198754697314,9554.346216090189
459,13185576,44598604200,4667306,460,2.8250935336144662,9555.534648895959
460,13173254,44556661200,4664276,461,2.8242869847324643,9552.749708636453
461,13192676,44621544000,4667866,462,2.8262756471586803,9559.30268778067
462,13173822,44558624100,4665858,463,2.823451120887091,9549.931459551492
463,13147200,44469487800,4663826,464,2.8189730920493172,9534.980035704592
464,13147918,44471565600,4668884,465,2.816072963046415,9525.095418948084
465,13152914,44487961500,4668208,466,2.817550974592392,9529.9869885832
466,13182730,44588601900,4671574,467,2.8219032814207803,9544.663511698627
467,13166664,44534669700,4665056,468,2.8224021319358226,9546.438392165068
468,13176350,44566733100,4665334,469,2.82431011370247,9552.742225958527
469,13158364,44506739700,4662856,470,2.8219537553808225,9544.952642758
470,13212468,44688633600,4670962,471,2.828639582167442,9567.329727794831
471,13153756,44491663200,4660240,472,2.8225490532676427,9547.075515424098
472,13165978,44533072500,4671450,473,2.8183921480482503,9533.029894358282
473,13172896,44555233200,4666436,474,2.822902960632054,9548.021916511872
474,13113604,44355615300,4664364,475,2.81144524741208,9509.466949834961
475,13156238,44499023700,4663794,476,2.8209303412629287,9541.378478552011
476,13187376,44603894400,4667932,477,2.825100279952664,9555.386496632771
477,13191148,44617928100,4668198,478,2.82574732262856,9557.848253223192
478,13163784,44525231700,4667544,479,2.820280644381713,9539.327684966654
479,13178088,44572956300,4664220,480,2.825357294467242,9556.3580405727
480,13173902,44558516700,4666232,481,2.8232419648230094,9549.143013034929
481,13166412,44534311800,4666854,482,2.8212607465328894,9542.683743695432
482,13181996,44586008700,4667666,483,2.8241086658728367,9552.099207612542
483,13162368,44520270900,4664360,484,2.8219022545429597,9544.775896371635
484,13189060,44610046800,4667640,485,2.8256377955455005,9557.302362650076
485,13163238,44522670900,4666124,486,2.821021901689711,9541.681897009166
486,13165340,44530114500,4664470,487,2.8224728640124175,9546.661142637857
487,13156164,44499951600,4664216,488,2.8206592490570763,9540.71415217477
488,13184300,44593744800,4665986,489,2.825619279612069,9557.196442509687
489,13181782,44585676000,4670222,490,2.8225172165263235,9546.800130700425
490,13162428,44520441600,4664152,491,2.8220409626444423,9545.238148327928
491,13171526,44551169100,4668032,492,2.821644324631879,9543.886824254847
492,13157430,44504217900,4669132,493,2.817960597387266,9531.582722441774
493,13167288,44536950000,4666050,494,2.8219346127881186,9544.893432346416
494,13189076,44610135900,4668484,495,2.8251303849386655,9555.593614543823
495,13176214,44566963200,4667302,496,2.823090085021282,9548.763546905686
496,13166134,44533417200,4665736,497,2.821877191508478,9544.778615849675
497,13149058,44475609000,4662296,498,2.8202966950189348,9539.421992940817
498,13168472,44540796600,4666068,499,2.8221774736244734,9545.680988789705
499,13182310,44587621500,4667324,500,2.8243828797829336,9553.144692761849
500,13138640,44440373100,4665442,501,2.8161618984867887,9525.436839639202
501,13161190,44516540100,4665684,502,2.820848990201651,9541.267711229479
502,13196476,44635407900,4664998,503,2.828827793709665,9568.151561908493
503,13150352,44479875900,4664272,504,2.819379315786043,9536.295460470574
504,13190028,44612942100,4665974,505,2.826854157352784,9561.335339631125
505,13220314,44716351500,4670952,506,2.8303253812070857,9573.284311206795
506,13153948,44491447200,4669046,507,2.817266739286784,9529.023102363952
507,13187162,44603606100,4662236,508,2.8285058928805835,9566.998774836795
508,13185752,44599368600,4668216,509,2.8245805249799925,9553.83568369587
509,13152928,44488696200,4665972,510,2.818904185451606,9534.711352747081
510,13159196,44509802700,4661706,511,2.822828380854563,9547.964350390179
511,13187414,44604464400,4668494,512,2.8247683300010666,9554.358300556882
512,13153588,44491350600,4665580,513,2.819282490065544,9536.081387523094
513,13181406,44584055700,4665498,514,2.8252945344741334,9556.119346744978
514,13196492,44635017900,4668728,515,2.826571177417061,9560.423717123807
515,13163086,44522469300,4669230,516,2.8191127873332436,9535.291536291852
516,13182554,44588265900,4667360,517,2.8244133728703162,9553.209073223406
517,13206590,44669477100,4667016,518,2.8297717428009674,9571.314325899033
518,13152000,44484828300,4661602,519,2.821347682620696,9542.819893247
519,13179204,44576865300,4671076,520,2.8214492763551697,9543.16849051482
520,13173414,44557361400,4670744,521,2.8204101958917036,9539.671067393117
521,13164648,44527244700,4663732,522,2.822771119781325,9547.556484806588
522,13227526,44740038300,4668890,523,2.8331200777915093,9582.585646695466
523,13169988,44546706900,4667376,524,2.821711385583677,9544.272177771836
524,13179354,44576611500,4666076,525,2.824504787320224,9553.340215633007
525,13154250,44492293200,4669866,526,2.816836714372532,9527.531025515507
526,13168914,44543209800,4669804,527,2.82001428753755,9538.560890350002
527,13165994,44532949500,4667290,528,2.820907635908632,9541.500421015193
528,13203172,44657615100,4668710,529,2.8280128772187605,9565.300714758467
529,13196638,44635063200,4663694,530,2.829653489272667,9570.752969641662
530,13163260,44522868900,4664488,531,2.822016049778668,9545.070948837258
531,13150004,44477994000,4665680,532,2.8184539016820698,9533.014265873357
532,13147670,44469950400,4667134,533,2.8170757471287518,9528.320892436343
533,13177112,44569483800,4668212,534,2.8227321295605257,9547.44210417179
534,13190006,44612844900,4669662,535,2.8246168566375895,9553.763184573101
535,13151252,44482899900,4665028,536,2.8191153407868077,9535.398265562393
536,13164452,44526854700,4667632,537,2.8203705861987407,9539.495551491635
537,13171270,44550331200,4662696,538,2.824818517012475,9554.629167331517
538,13166176,44533413600,4664182,539,2.822826381989382,9547.957948467705
539,13195328,44630949300,4667002,540,2.8273671191912926,9563.087673842865
540,13184342,44594508600,4667544,541,2.824685102057956,9554.169944621839
541,13188430,44607980100,4665828,542,2.826600123279298,9560.571049768658
542,13137092,44434521600,4664286,543,2.8165279744852696,9526.543097914664
543,13142646,44454262200,4671254,544,2.813515599879604,9516.558551515289
544,13162442,44519970000,4666744,545,2.82047654638866,9539.835482726287
545,13172010,44552740800,4664416,546,2.8239355151856094,9551.62249679274
546,13168094,44538881700,4665338,547,2.8225380454749476,9546.764178715453
547,13204910,44663795100,4669866,548,2.8276849913894746,9564.256254890397
548,13143184,44455493100,4671036,549,2.813762086183879,9517.266212463359
549,13172554,44554569300,4669418,550,2.8210269459705684,9541.782145012505
550,13175116,44563636200,4665702,551,2.8238228673841577,9551.325009612701
551,13187744,44606585400,4668402,552,2.824894685590487,9555.000918943999
552,13162016,44519064900,4666784,553,2.8203610880640717,9539.559769640078
553,13167984,44539893600,4666312,554,2.8219253234674406,9544.988333399053
554,13183802,44592236700,4668140,555,2.8242087855120026,9552.463443684208
555,13156920,44501961000,4665380,556,2.8201175466950175,9538.764473633444
556,13163796,44524968300,4663604,557,2.8226659038803468,9547.330412273426
557,13165420,44529722700,4668834,558,2.819851808824216,9537.653876749528
558,13177344,44571422400,4666114,559,2.8240510197564825,9552.150333232321
559,13167954,44538566400,4665182,560,2.822602419369705,9547.015829178798
560,13149560,44476332600,4662686,561,2.8201684608399535,9538.779278724753
561,13158782,44508442200,4670080,562,2.817678069754694,9530.552410237084
562,13171976,44552064900,4665384,563,2.823342301512587,9549.495797130525
563,13165464,44530355400,4666682,564,2.8211615876119263,9542.187661383397
564,13154554,44493965400,4665898,565,2.819297378553925,9535.991871232505
565,13177572,44571546000,4668468,566,2.822675875683415,9547.360290356493
566,13156778,44501844000,4667356,567,2.818893180635889,9534.7010170212
567,13158962,44508302100,4669164,568,2.8182693946924973,9532.392115590714
568,13179706,44578928100,4665452,569,2.824958010499304,9555.114509805266
569,13191742,44618991900,4667586,570,2.8262450868607454,9559.329362115663
570,13152556,44486824500,4668834,571,2.817096517031876,9528.46567258549
571,13167466,44537660400,4669786,572,2.8197150790207517,9537.40929455868
572,13147332,44469571500,4664468,573,2.81861339814101,9533.6856207396
573,13195434,44631388800,4665786,574,2.828126707911593,9565.674207946957
574,13193418,44625395400,4672022,575,2.823920349690134,9551.623558279478
575,13197760,44639096400,4667750,576,2.8274350597182796,9563.300605216646
576,13213776,44693730600,4669090,577,2.830053822050978,9572.257249271272
577,13189710,44612910900,4666526,578,2.826451625899009,9560.197650243457
578,13191878,44619990300,4670424,579,2.8245568282451443,9553.734371868593
579,13217938,44708489400,4673698,580,2.828154065581473,9565.977390922562
580,13184582,44594677800,4673014,581,2.8214300235351315,9543.022511809295
581,13161934,44518374600,4665442,582,2.821154780190173,9542.15583432395
582,13165728,44531542500,4667490,583,2.8207297712475015,9540.79012488511
583,13164356,44527165200,4665188,584,2.8218275447849046,9544.5596619043
584,13146966,44468717100,4667606,585,2.81664005059553,9527.093139395227
585,13203982,44659728900,4667574,586,2.8288747002190004,9568.081598706309
586,13206576,44668280700,4666658,587,2.829985827116536,9571.792211899821
587,13190282,44614461900,4671674,588,2.8234594280337197,9549.994691410402
588,13140744,44447357100,4665662,589,2.816480062207678,9526.48458032322
589,13165844,44531976600,4665874,590,2.821731576977861,9544.18756271601
590,13174822,44562965100,4668380,591,2.8221400143090323,9545.702170774444
591,13179726,44578924800,4669156,592,2.8227212798201644,9547.533815533257
592,13192530,44622073200,4661088,593,2.8303542005643316,9573.317045290712
593,13167700,44538435900,4665720,594,2.822222507994479,9545.887001363133
594,13132050,44418162900,4665270,595,2.8148531596242017,9521.027271733468
595,13186976,44603685000,4670484,596,2.8234709721733338,9550.12050142983
596,13210068,44680047000,4665136,597,2.8316576408490555,9577.437185111003
597,13155492,44496693000,4663172,598,2.8211466358092734,9542.151351054605
598,13193462,44624757900,4669634,599,2.8253738943994327,9556.371634265126
599,13167206,44536181100,4663952,600,2.823186430735136,9549.02218118883
600,13190298,44614916700,4667672,601,2.8258836524931485,9558.280166215622
601,13127850,44403398700,4664324,602,2.8145236051354923,9519.792943200344
602,13139930,44444723100,4666598,603,2.815740717327698,9524.00937470937
603,13168502,44540389200,4665294,604,2.8226521201021844,9547.177348308594
604,13169884,44545200300,4662944,605,2.8243710411276655,9553.020645326214
605,13180582,44580659100,4666948,606,2.8242401672356325,9552.422503957618
606,13164170,44526369000,4666570,607,2.8209520054343984,9541.56243236467
607,13187962,44606163600,4666460,608,2.8261170137534664,9558.886950707818
608,13194776,44629307100,4668088,609,2.8265911011103477,9560.511091478995
609,13187634,44604894000,4666678,610,2.8259147084928506,9558.168358733987
610,13160836,44515037400,4665220,611,2.8210536694946864,9541.894573031926
611,13191500,44618867400,4668912,612,2.8253905835021094,9556.587787475968
612,13148496,44473544100,4664208,613,2.8190200780068126,9535.068783381874
613,13170846,44548762200,4666730,614,2.8222858404064515,9546.033775255908
614,13178914,44576094300,4667792,615,2.8233721639696028,9549.717361013516
615,13171000,44548680600,4666408,616,2.822513590753316,9546.675001414364
616,13168920,44542700100,4671844,617,2.818784188855621,9534.286697072934
617,13163500,44524487700,4665468,618,2.8214747159341784,9543.412943781846
618,13159034,44509259700,4664546,619,2.8210749770717234,9542.034680331162
619,13124382,44392376400,4664394,620,2.813737861767252,9517.28700448547
620,13175930,44566409100,4667860,621,2.822691768819116,9547.503374137184
621,13194726,44629588200,4668068,622,2.8265925003663184,9560.61227042965
622,13135396,44428545000,4666780,623,2.8146593582727277,9520.171295839958
623,13159340,44510133000,4664834,624,2.8209664052354273,9541.632778358244
624,13224162,44728396200,4669358,625,2.8321156784294543,9579.131906356291
625,13184642,44595603600,4669790,626,2.823390773460905,9549.809220543108
626,13195022,44630931900,4663964,627,2.8291431923574026,9569.313120770228
627,13217100,44704284900,4670128,628,2.8301365615674774,9572.389643281726
628,13158256,44505777000,4664798,629,2.8207557969283985,9540.772612233155
629,13167496,44537473500,4668070,630,2.8207580434740698,9540.8752439445
630,13218774,44710865700,4667134,631,2.8323107928763136,9579.9404302512
631,13172614,44554567800,4666006,632,2.8231026706780917,9548.759217197749
632,13184282,44594044500,4672076,633,2.8219322630881862,9544.80288848041
633,13156850,44501544300,4659934,634,2.823398357144114,9549.822873027815
634,13146054,44465480400,4666128,635,2.8173367725874643,9529.417195584861
635,13180772,44581705800,4666986,636,2.8242578829248686,9552.569002778238
636,13191542,44618366700,4669576,637,2.824997815647502,9555.121642735872
637,13161538,44517877500,4668340,638,2.8193186443146816,9536.125796321605
638,13118446,44371431000,4665404,639,2.8118563794260902,9510.73711944346
639,13152232,44485406700,4662658,640,2.8207584600886446,9540.782682324116
640,13139802,44444126100,4669180,641,2.814156233000227,9518.61485314338
641,13166618,44534544600,4666404,642,2.8215769573315983,9543.653871375045
642,13206198,44667543000,4668114,643,2.8290221704097203,9568.648709093222
643,13155484,44497118700,4664226,644,2.820507411090286,9540.08632943601
644,13178586,44574430500,4663590,645,2.825845754022116,9557.965108425054
645,13166848,44535575400,4668846,646,2.82015041832607,9538.882927387196
646,13149036,44475686400,4666672,647,2.81764735126017,9530.493336579044
647,13190112,44614317300,4669598,648,2.824678269949576,9554.209441583622
648,13203116,44657880300,4671148,649,2.826524871402062,9560.36509654586
649,13121474,44382491700,4666126,650,2.8120702269934417,9511.635926676649
650,13144720,44460601500,4669146,651,2.8152300227921767,9522.21273440582
651,13159982,44512007700,4661040,652,2.8234003570018706,9549.801696617063
652,13202596,44656105500,4664048,653,2.8307161504341294,9574.538147977893
653,13151504,44483798400,4666540,654,2.8182559240893683,9532.501253605455
654,13170472,44546648700,4665446,655,2.822982411542219,9548.207974114372
655,13190608,44615523600,4668774,656,2.825283040044346,9556.154056718102
656,13145500,44463398400,4668976,657,2.8154995870614883,9523.158482716553
657,13184754,44596390200,4665682,658,2.8259006936177817,9558.386148048667
658,13180312,44581544100,4669340,659,2.8227355472079565,9547.718542663417
659,13166172,44534049900,4668170,660,2.82041399520583,9539.937470143546
660,13181780,44585743500,4670236,661,2.8225083272023084,9546.785965420162
661,13218554,44710235700,4672284,662,2.829141807304522,9569.246154557386
662,13164364,44527090200,4673642,663,2.8167249438446507,9527.278768891583
663,13189554,44611430100,4667690,664,2.8257133614271726,9557.496341873604
664,13172712,44554894500,4665260,665,2.8235751062105865,9550.356143065981
665,13170682,44547823800,4667148,666,2.821997931070538,9544.977746580995
666,13178720,44575270800,4663218,667,2.8260999164096554,9558.907775703388
667,13174744,44561441100,4669504,668,2.8214439906251285,9543.078044263373
668,13181206,44583911400,4670428,669,2.8222693937258,9546.001223014251
669,13198462,44642127600,4671604,670,2.825252739744208,9556.059888637821
670,13198012,44640397800,4671566,671,2.8251793938049894,9555.767337976173
671,13167666,44537868900,4663374,672,2.823634990459697,9550.567657665888
672,13175190,44562181800,4666274,673,2.823492576732528,9549.84250817676
673,13140198,44445478200,4665384,674,2.8165308579100885,9526.649510522606
674,13166606,44534571600,4662910,675,2.823688640784403,9550.810888479511
675,13200588,44648643900,4662830,676,2.8310249355005435,9575.438928719253
676,13227784,44740374600,4671206,677,2.8317706391026216,9577.906562031305
677,13167870,44538138900,4668532,678,2.8205590108410954,9540.073603436798
678,13133578,44422488900,4665730,679,2.8149031341290645,9521.015768164896
679,13156328,44499366600,4664800,680,2.8203412793688902,9539.394314868805
680,13175514,44564515800,4667426,681,2.8228651080916976,9547.985506358322
681,13176674,44568926700,4671276,682,2.8207868685130144,9541.06045114868
682,13157726,44504154000,4666234,683,2.8197741476316875,9537.488690022832
683,13170148,44545933800,4664302,684,2.8236053325878125,9550.396565230982
684,13150806,44481371100,4668896,685,2.816684286820696,9527.171112828386
685,13219744,44712540000,4666900,686,2.8326606526816516,9580.779532451948
686,13169738,44544622500,4665610,687,2.8227258600697445,9547.438062761354
687,13162778,44521576500,4660262,688,2.8244716713352167,9553.449248132401
688,13167568,44538204300,4664772,689,2.8227677579954604,9547.777319020093
689,13182262,44587654800,4667950,690,2.8239938302681047,9551.870692702363
690,13149738,44477301600,4667316,691,2.817408977665108,9529.52437760803
691,13192204,44620917300,4665654,692,2.827514427773684,9563.700458713827
692,13180398,44581084200,4669078,693,2.822912360855826,9548.155802922975
693,13189236,44610318300,4664964,694,2.827296416435368,9562.84299300059
694,13187034,44603332500,4667982,695,2.8249967544862,9555.163773125088
695,13171660,44551203300,4667234,696,2.822155477955466,9545.525958201368
696,13170786,44549204100,4669964,697,2.820318529222067,9539.517670800033
697,13171314,44550074100,4665578,698,2.823083013508723,9548.672018772379
698,13160406,44514339600,4667870,699,2.8193600078836814,9536.328046839351
699,13182950,44589597000,4665242,700,2.825780527569631,9557.831512277391
700,13138580,44439757200,4664946,701,2.816448464783944,9526.317603676442
701,13206692,44669706600,4665366,702,2.8307944114138097,9574.748604932603
702,13140360,44445376200,4667500,703,2.815288698446706,9522.308773433315
703,13173202,44557187100,4667302,704,2.822444744308382,9546.668953498189
704,13164774,44527824600,4668880,705,2.8196856633710867,9537.15336440431
705,13206020,44666747400,4671628,706,2.8268560767252873,9561.280863972903
706,13204408,44661988200,4671356,707,2.826675594837987,9560.81878580866
707,13183222,44590396500,4675110,708,2.81987418477854,9537.828307783133
708,13164268,44526345900,4666424,709,2.8210612666144352,9541.856012226921
709,13166152,44532581400,4664532,710,2.8226094279125964,9547.063113727165
710,13151306,44483113500,4666190,711,2.818424881970087,9533.069484954534
711,13164900,44528140800,4666660,712,2.821054030077186,9541.75808822584
712,13145150,44462910900,4670412,713,2.814558972527477,9520.126040272251
713,13159342,44510119500,4660476,714,2.823604713338294,9550.552239728302
714,13132818,44420051400,4665438,715,2.814916412992735,9521.089209630478
715,13186950,44603346300,4666588,716,2.825822635295852,9558.021042354714
716,13196924,44637062400,4672620,717,2.824309274026135,9552.89803151123
717,13143930,44458000800,4665454,718,2.8172885211171304,9529.190685408108
718,13188464,44608214100,4666564,719,2.8261616041267192,9559.113321921654
719,13195974,44633265000,4668126,720,2.826824725810743,9561.28112223192
720,13150224,44479077300,4667378,721,2.8174756790643483,9529.77823951692
721,13170280,44547321900,4667334,722,2.8217993398372605,9544.489830811337
722,13174082,44559848700,4666954,723,2.822843764905332,9547.95112615209
723,13167356,44536528200,4667272,724,2.8212103344309054,9542.303983997504
724,13182818,44589069300,4670248,725,2.8227233328936707,9547.473560290588
725,13140262,44445288000,4662990,726,2.8179906025961885,9531.499745871211
726,13185158,44596520400,4668800,727,2.824099982864976,9552.03058601782
727,13194256,44627629800,4663646,728,2.8291718539528943,9569.257572294295
728,13145090,44461496100,4665708,729,2.817383771123268,9529.421065355997
729,13172554,44553149100,4669456,730,2.8210039884731755,9541.40034727814
730,13168406,44541546900,4668070,731,2.820952984852412,9541.747852967072
731,13150064,44478739800,4667974,732,2.817081671834505,9528.489190385379
732,13168406,44540752500,4668878,733,2.8204647883281595,9539.926402017787
733,13169918,44545127400,4664350,734,2.8235269651719963,9550.12539796542
734,13149624,44477567400,4666990,735,2.8175813532919505,9530.246990029977
735,13180732,44582669400,4661702,736,2.827450574918774,9563.603465000551
736,13142936,44454843000,4662672,737,2.8187562839504903,9534.19906010974
737,13169244,44543677800,4666336,738,2.8221808288130132,9545.750198871234
738,13181296,44584387500,4668580,739,2.8234058321802347,9549.881869861929
739,13201304,44651153400,4667478,740,2.828359126706114,9566.44110588202
740,13193542,44625556200,4670374,741,2.824943355714125,9555.028398153981
741,13173612,44558248500,4665508,742,2.823617921135276,9550.567376585786
742,13182556,44587262400,4668578,743,2.823676931176902,9550.501758779654
743,13147342,44469368100,4662610,744,2.8197387300246,9537.441068414471
744,13185258,44597264700,4667912,745,2.824658648235014,9554.007166373316
745,13159858,44511792600,4667686,746,2.819353744017914,9536.15830199375
746,13175954,44565446700,4663222,747,2.825504340132209,9556.792856955984
747,13176454,44568195000,4666350,748,2.8237174665423725,9550.975601915845
748,13149536,44476772700,4665260,749,2.8186073230645237,9533.610709799668
749,13157618,44503908900,4666872,750,2.81936551934572,9536.132317320895
750,13167318,44537304900,4667314,751,2.8211768053317177,9542.384527803357
751,13162004,44518203300,4665094,752,2.821380233710189,9542.830926879502
752,13166646,44534719800,4665988,753,2.8218345182199354,9544.542292007609
753,13190668,44614854600,4664100,754,2.8281271842370446,9565.587058596513
754,13161270,44516737200,4667906,755,2.8195233580110655,9536.768135433747
755,13189066,44609851200,4667002,756,2.8260253584635278,9558.566977258633
756,13168314,44538899400,4666154,757,2.822091598348447,9545.09846867463
757,13158412,44506278900,4666100,758,2.8200021431173785,9538.217976468572
758,13186508,44601709500,4670328,759,2.823465075686333,9550.016508476492
759,13121420,44381878200,4662896,760,2.814006574455017,9518.093090645812
760,13170618,44548732800,4668186,761,2.8213567325723523,9543.050084122611
761,13193228,44623773600,4670150,762,2.82501161632924,9555.104996627517
762,13182824,44589568200,4667446,763,2.824419179139941,9553.312068313164
763,13129572,44410114800,4663310,764,2.815504866714844,9523.303147335262
764,13204342,44661197100,4663674,765,2.8313175406342723,9576.397728486168
765,13200264,44648160000,4664322,766,2.830049897927287,9572.272240209832
766,13133210,44421874500,4665300,767,2.8150837030844746,9521.76162304675
767,13137522,44436801600,4665604,768,2.8158244891765354,9524.340599845165
768,13180602,44581034400,4666904,769,2.824271079927935,9552.592982414037
769,13192844,44623185600,4665612,770,2.8276770550144334,9564.272725635994
770,13180228,44579975700,4667680,771,2.8237214204915504,9550.778052480033
771,13191922,44619316800,4670976,772,2.8242324516332347,9552.46115586978
772,13137480,44436654000,4662436,773,2.817728758099843,9530.780476128788
773,13180336,44580871200,4665854,774,2.8248496416733144,9554.707712671678
774,13157882,44505036000,4667734,775,2.818901419832407,9534.61272643214
775,13188686,44608858500,4667746,776,2.825493503716783,9556.830748716833
776,13193820,44626369800,4670032,777,2.825209763016613,9555.902357842517
777,13179612,44578296000,4665706,778,2.8247840734071112,9554.458853601149
778,13151750,44484534000,4666346,779,2.818425808973445,9533.055199935881
779,13182354,44587769400,4670668,780,2.8223701620410613,9546.336712435994
780,13158568,44507294400,4664716,781,2.820872267464943,9541.265620457923
781,13166016,44532501600,4665286,782,2.822124088426733,9545.503019536209
782,13199080,44643274200,4666072,783,2.82873474734209,9567.635090071477
783,13160590,44513973900,4664510,784,2.821430332446495,9543.118977127288
784,13184546,44595565200,4666382,785,2.8254322085075763,9556.77550616302
785,13160884,44515555200,4665568,786,2.8208535380901103,9541.293836034542
786,13204764,44663232900,4668300,787,2.8286022749180644,9567.344193817878
787,13186454,44601253500,4667524,788,2.8251496939276586,9555.655953777634
788,13148748,44474896500,4666170,789,2.817888761018137,9531.349372183182
789,13208924,44676285300,4666692,790,2.830468348886106,9573.437737052285
790,13204656,44662893300,4668846,791,2.828248350877283,9566.152599593133
791,13179624,44579351100,4664586,792,2.8254648965631675,9556.979140270969
792,13163246,44522466300,4665282,793,2.8215327605062246,9543.360144145627
793,13179254,44577196500,4665276,794,2.8249676975167173,9555.103813793654
794,13192482,44621862000,4667158,795,2.826662821357237,9560.820953565317
795,13158710,44507418000,4664986,796,2.820739440589961,9540.739886464826
796,13142102,44452041000,4667022,797,2.8159502997843164,9524.712118348703
797,13182204,44587307400,4669360,798,2.823128651464012,9548.911927972998
798,13159842,44510780400,4663162,799,2.822085529089489,9545.192811229805
799,13202374,44655109200,4667804,800,2.8283908236078465,9566.620449359056
800,13183414,44590790400,4665696,801,2.8256050115566893,9557.15726013868
801,13122996,44387241000,4666670,802,2.8120685628081694,9511.544848896536
802,13169872,44545029300,4666342,803,2.8223117808338953,9546.02755220256
803,13155028,44495450100,4664468,804,2.820263318346272,9539.233648939171
804,13156294,44500337100,4671688,805,2.8161756521411534,9525.53704356969
805,13143116,44455443300,4669252,806,2.8148225882860896,9520.891847345143
806,13140048,44444744700,4662096,807,2.8184850762403864,9533.210963480804
807,13158044,44506005000,4662748,808,2.821950489282286,9545.016157853695
808,13181156,44583811500,4666670,809,2.824531411048992,9553.667068809236
809,13156948,44501549700,4667318,810,2.818952554764856,9534.715590409738
810,13147692,44471248200,4666322,811,2.817570669147993,9530.257063271672
811,13193104,44624598900,4667394,812,2.8266531602003173,9560.923911716045
812,13149228,44476753800,4664122,813,2.819228999584488,9535.93276505203
813,13165312,44530277700,4668428,814,2.8200739092473954,9538.602223275158
814,13180572,44581794300,4667618,815,2.823832627262985,9551.294536099569
815,13196232,44633889600,4668830,816,2.826453736803439,9559.973183859767
816,13159526,44510118300,4663068,817,2.822074651281088,9545.243239000589
817,13192054,44620764600,4667668,818,2.8262622791509595,9559.541209871824
818,13135064,44427932400,4665954,819,2.8150864753488785,9521.72533205428
819,13171410,44550729300,4666974,820,2.822259134077027,9545.956180600106
820,13164566,44527806300,4665424,821,2.8217298149107135,9544.214266484676
821,13134612,44426883600,4663380,822,2.8165433655417313,9526.75604389949
822,13181358,44582914200,4667486,823,2.824080886370093,9551.804590308358
823,13148592,44473863900,4664236,824,2.819023737220844,9535.080107438818
824,13156268,44500045200,4664516,825,2.8205001333471684,9540.120604152713
825,13166806,44535208200,4665724,826,2.82202847832405,9545.187027779612
826,13178300,44572813500,4668042,827,2.8230894237883892,9548.503098301173
827,13163400,44523273300,4665196,828,2.821617784118824,9543.709053167328
828,13181340,44584579800,4660350,829,2.82840130033152,9566.787859280956
829,13163872,44525846100,4668764,830,2.8195625223292504,9536.96655046175
830,13157904,44504847600,4663342,831,2.821561017827987,9543.552156371976
831,13211264,44685089100,4669694,832,2.829149832944086,9569.16857935445
832,13176318,44566945800,4666144,833,2.8238129813396244,9551.129540794283
833,13197784,44639317500,4668994,834,2.826686862309097,9560.799928207232
834,13165518,44530932600,4664320,835,2.8226017940450054,9547.143549327662
835,13135396,44429385000,4664396,836,2.8160979470868255,9525.217198539747
836,13165722,44531424000,4666626,837,2.8212507280420587,9542.531156342933
837,13161222,44516393400,4666812,838,2.8201740288659582,9538.930087605842
838,13174128,44560551300,4671704,839,2.819983457856063,9538.39354976257
839,13186886,44603127300,4667596,840,2.825198667579628,9555.910001636817
840,13172404,44553227400,4665786,841,2.8231907764308093,9548.922175170486
841,13177788,44572504500,4669100,842,2.8223400655372557,9546.27326465486
842,13157520,44503642800,4667292,843,2.8190908132595944,9535.21716661396
843,13175946,44565970200,4665216,844,2.824294952259445,9552.820319573628
844,13155518,44497338000,4663120,845,2.8211836710185456,9542.39607816226
845,13166096,44533941900,4668798,846,2.820018343051038,9538.631120900925
846,13174908,44562161100,4665836,847,2.8236971895283074,9550.73455217886
847,13163384,44523606900,4667054,848,2.8204910421006484,9539.981088712493
848,13161686,44517907200,4669560,849,2.8186137451922666,9533.640685632052
849,13172346,44554610700,4664582,850,2.8239070510498046,9551.683452022067
850,13176110,44566489200,4663128,851,2.82559475099118,9557.209066532165
851,13202832,44656516500,4668210,852,2.8282429453687814,9566.0898931282
852,13150112,44478551400,4667046,853,2.817652107992936,9530.343476365993
853,13176850,44568585300,4668300,854,2.822622796307007,9547.06966133282
854,13167996,44539419600,4665484,855,2.822428712648034,9546.58071917083
855,13185318,44598006000,4670862,856,2.822887509842937,9548.131800939527
856,13177530,44571907500,4669754,857,2.821889547072501,9544.808463143883
857,13158326,44506817400,4668300,858,2.8186547565494933,9533.838313733051
858,13173934,44558884200,4668718,859,2.8217454984430415,9544.136998636457
859,13186484,44601770700,4668154,860,2.824774846759554,9554.47714449866
860,13175734,44565952500,4669748,861,2.8215085696273117,9543.54549753006
861,13135960,44430966900,4664084,862,2.8164072516704244,9526.193546256885
862,13174850,44562144900,4667186,863,2.8228679979756537,9547.968497505777
863,13188698,44608353900,4665358,864,2.8269423268267944,9561.614328418098
864,13149004,44475138600,4666240,865,2.817901350980661,9531.258272184885
865,13142474,44453820000,4665728,866,2.8168110099860084,9527.735007270034
866,13183344,44591060400,4665696,867,2.8255900084360404,9557.215129318327
867,13188446,44608507800,4669318,868,2.8244908571230316,9553.538182663935
868,13147298,44469501000,4666310,869,2.817493479858818,9529.907142903065
869,13155764,44498185800,4668462,870,2.818008157718752,9531.658563355555
870,13161580,44518048200,4667948,871,2.819564399603423,9536.963179538418
871,13165468,44531142600,4666274,872,2.821409115709879,9543.190691331029
872,13175230,44563645200,4666014,873,2.8236584802360216,9550.68827483158
873,13158444,44506450200,4661972,874,2.8225060124771235,9546.700452083367
874,13155200,44495728500,4662212,875,2.821664909274825,9543.90930742746
875,13122280,44384364000,4665966,876,2.812339395529243,9512.363356269634
876,13155568,44497335900,4667472,877,2.8185638821186285,9533.498197739591
877,13233590,44759863200,4663166,878,2.837898114714338,9598.59957805491
878,13144706,44460517500,4665590,879,2.8173727224209584,9529.452330787746
879,13170674,44547815400,4668914,880,2.820928806998801,9541.365593797615
880,13155502,44496763200,4664764,881,2.8201859729666925,9538.90983552437
881,13164198,44526389100,4666616,882,2.8209301986707285,9541.472685989162
882,13164908,44528927100,4666378,883,2.8212262272794875,9542.503221985016
883,13155856,44498163000,4668948,884,2.8177345303481642,9530.661510901386
884,13159560,44510192400,4668490,885,2.8188043671508347,9534.173233743673
885,13176330,44567616900,4668288,886,2.822518662087686,9546.886760199885
886,13200532,44648856900,4667828,887,2.8279816651341907,9565.231816596499
887,13184102,44593036200,4666384,888,2.825335848914277,9556.229448755183
888,13217060,44704322700,4670350,889,2.829993469440192,9571.942723778731
889,13160698,44515649400,4669556,890,2.8184045763665755,9533.165337346849
890,13171042,44549355000,4664934,891,2.82341443630285,9549.83607485122
891,13173568,44558037300,4662660,892,2.8253331789150398,9556.35566393432
892,13175866,44566138800,4665112,893,2.824340766095219,9553.0694225562
893,13205338,44665007100,4669902,894,2.8277548436776616,9564.442058955412
894,13165424,44530348800,4663660,895,2.822981092103627,9548.36947804943
895,13125342,44395146300,4666756,896,2.8125194460563185,9513.063528498169
896,13166722,44535141900,4665520,897,2.8221338671787923,9545.590180730122
897,13169160,44543452500,4667710,898,2.8213320878974915,9542.892017713182
898,13179882,44579233800,4669518,899,2.822535859161481,9546.859825789299
899,13174612,44561883000,4669676,900,2.821311799790821,9542.821172175543
900,13178830,44575363800,4667822,901,2.823336022667531,9549.499488198137
901,13214592,44696130000,4668362,902,2.830669943761859,9574.263949539474
902,13155134,44495803500,4667924,903,2.818197982657815,9532.2467760829
903,13158906,44508129000,4663136,904,2.8219005407519746,9544.67744453518
904,13160988,44515884000,4667704,905,2.819584960828707,9536.998061573742
905,13163904,44525651100,4669418,906,2.8191744667108405,9535.589039147919
906,13184278,44594162100,4665730,907,2.825769600898466,9557.810267632289
907,13179492,44578241100,4668840,908,2.822862209885111,9548.033580075566
908,13191750,44618597700,4668092,909,2.8259404484744515,9558.208728534057
909,13154926,44494633800,4667374,910,2.81848551241019,9533.11943718245
910,13183596,44591446500,4666506,911,2.825153551715138,9555.638951283894
911,13193804,44626110600,4667618,912,2.826667477929856,9560.788950595357
912,13159566,44511576900,4667606,913,2.8193395072334724,9536.27553396752
913,13138270,44439369900,4664706,914,2.8165269150938985,9526.724706766086
914,13205892,44667070500,4665528,915,2.8305246480141153,9573.8511268178
915,13186780,44602972200,4669910,916,2.8237760470758535,9551.141713651868
916,13193592,44626063500,4665996,917,2.8276046528972594,9564.102391000764
917,13164446,44527466700,4668792,918,2.8196685566630513,9537.256468054264
918,13182482,44588673600,4663796,919,2.8265563073513507,9560.59690432429
919,13184952,44596412700,4664226,920,2.8268252867678365,9561.374748993723
920,13195622,44632290300,4666854,921,2.827519780991649,9563.67829377135
921,13179732,44579542200,4670276,922,2.822045634990309,9545.376376042872
922,13183398,44590465500,4667476,923,2.824524003979881,9553.442910043887
923,13146258,44466662100,4665572,924,2.8177162414383488,9530.806104803441
924,13155958,44498118300,4667312,925,2.8187440651064253,9533.99264930221
925,13184748,44595607200,4665930,926,2.825749207553478,9557.710295696677
926,13145292,44462147700,4664784,927,2.8179851414342014,9531.448337157733
927,13224568,44730141900,4669826,928,2.8319187909785075,9578.545731682509
928,13186974,44602694400,4666108,929,2.8261184696110764,9558.864561214614
929,13195494,44632456500,4665662,930,2.8282147313714536,9566.157278431228
930,13195638,44632265100,4667080,931,2.827386288643006,9563.209779990915
931,13166504,44533729500,4664152,932,2.822914862122847,9548.087090643701
932,13183284,44590523400,4667584,933,2.824434225500816,9553.234264236058
933,13175066,44563131600,4661976,934,2.826069031672407,9558.85049601285
934,13181548,44584409700,4666424,935,2.824764316315877,9554.298902114338
935,13159582,44511041100,4666762,936,2.8198528230066158,9537.885390341311
936,13145618,44464254300,4667106,937,2.816652975098487,9527.157579022203
937,13159782,44511678000,4667938,938,2.8191852591015563,9535.61893924041
938,13165548,44530654800,4669062,939,2.819741524100558,9537.387766536405
939,13205758,44666145300,4666544,940,2.8298796711227836,9571.568445513425
940,13155264,44496800700,4668502,941,2.817876912122989,9531.280205085057
941,13189954,44613840300,4670434,942,2.8241388273552306,9552.397121980526
942,13139458,44442726900,4664904,943,2.8166620363462997,9527.039977671566
943,13182488,44588123400,4665614,944,2.825456199334107,9556.753601991079
944,13165918,44532527700,4665292,945,2.8220994527245025,9545.496337635457
945,13144434,44459929200,4665786,946,2.817196073716197,9528.925930164822
946,13165382,44530433400,4666956,947,2.8209783850544126,9541.644146634337
947,13176248,44567470800,4666448,948,2.823614020771259,9550.619829043419
948,13170556,44547615600,4664980,949,2.8232824149299676,9549.369043382823
949,13153680,44490862200,4661000,950,2.8220725166273333,9545.346964170778
950,13169442,44545440600,4668098,951,2.8211579962545774,9542.52472848685
951,13150980,44481475800,4666118,952,2.8183985059957766,9532.865606913498
952,13186392,44600451000,4667778,953,2.824982679124843,9554.964053560388
953,13222480,44722458900,4669888,954,2.831434072937081,9576.773340174326
954,13143908,44457813600,4664592,955,2.8178044296264284,9530.911513804424
955,13166654,44534405100,4664922,956,2.822481061848408,9546.655892638719
956,13164348,44526957600,4663436,957,2.8228859579074315,9548.100928156835
957,13155542,44496492900,4663798,958,2.8207786872416003,9540.82764733807
958,13143292,44456283600,4667698,959,2.815797423055219,9524.241628314428
959,13182372,44587293600,4670374,960,2.82255168429766,9546.83577803405
960,13151582,44484577800,4669842,961,2.816279865571469,9525.927815116656
961,13162634,44520525300,4665018,962,2.82156124585157,9543.484140897206
962,13183772,44592141600,4666980,963,2.824904327852273,9554.817376547575
963,13205692,44666468400,4662728,964,2.832181504046558,9579.471159372797
964,13168396,44540526900,4667684,965,2.8211841247179543,9542.31839601824
965,13180918,44582526900,4667036,966,2.824258908652087,9552.6425980001
966,13184292,44594114100,4668304,967,2.8242145327296595,9552.530019467455
967,13146066,44464231500,4661718,968,2.8200045562601597,9538.164148925352
968,13169654,44545370700,4669878,969,2.8201280633027244,9538.87247161489
969,13144636,44460763500,4669678,970,2.814891305139241,9521.162594080362
970,13192916,44622744300,4669772,971,2.8251734774203108,9555.658027843758
971,13173022,44555906400,4665186,972,2.823686343909975,9550.724537028105
972,13129490,44409825300,4664780,973,2.814600045446945,9520.2400327561
973,13139168,44443212300,4666328,974,2.8157403422991267,9524.236680319085
974,13148580,44473290000,4663908,975,2.81921941856486,9535.62763244901
975,13193318,44624986800,4669192,976,2.825610512482674,9557.325293112812
976,13186766,44601826500,4665370,977,2.826520940461314,9560.190617250079
977,13176116,44567243100,4662826,978,2.8257790447252376,9557.989746990344
978,13142736,44453650200,4662666,979,2.8187170172600826,9533.955509573278
979,13206292,44668494600,4667662,980,2.82931626154593,9569.779174241838
980,13149358,44477088300,4666506,981,2.817816584828135,9531.132778999963
981,13179626,44578401000,4664788,982,2.8253429737857325,9556.361618148563
982,13142498,44453944800,4668506,983,2.8151400041040966,9522.092249640464
983,13224514,44729398800,4669788,984,2.8319302717810744,9578.464546998708
984,13167212,44536026000,4666310,985,2.821761091740583,9544.16358964578
985,13160836,44515059900,4666486,986,2.8202883283052813,9539.310714743386
986,13190072,44614058700,4670910,987,2.8238762896309284,9551.470420110856
987,13189004,44609585100,4670696,988,2.823777013104685,9550.950243818052
988,13181144,44583471000,4665780,989,2.8250676199906555,9555.416457698391
989,13164926,44528187300,4669660,990,2.8192472257080814,9535.637990774489
990,13192092,44620857000,4664122,991,2.8284191537013825,9566.828869399214
991,13169378,44544099000,4663382,992,2.8239972620728904,9551.887235487035
992,13161282,44516860800,4664448,993,2.8216161912406355,9543.864740265086
993,13185410,44598628200,4666988,994,2.8252504613253775,9556.190887998855
994,13152518,44487264000,4664536,995,2.819684101484049,9537.33961963205
995,13179672,44578163700,4674424,996,2.8195285665142915,9536.611077642936
996,13161556,44517563400,4666272,997,2.820571968372182,9540.284706935216
997,13176546,44568047400,4665954,998,2.8239768330335018,9551.754560803643
998,13173984,44559640500,4671654,999,2.819982815508169,9538.30067466469
999,13172542,44555067300,4667982,1000,2.821892200955359,9544.82414456611
