Total Play Time,Total XP,Bot Name,Level,Rarity,Health,Size,Haste,Crit,Resilience,Max Energy,Res. Yield Incr.,Mission Success Boost,Mission Crit Chance
4.0,160,bot1,1,common,100,9,2,10,416,105,0.09,0.01,0.05
8.0,96,bot2,1,common,100,9,2,10,556,100,0.09,0.01,0.05
4.0,160,bot3,1,common,100,6,12,3,581,120,0.06,0.06,0.015
8.0,96,bot4,1,common,100,6,6,9,579,100,0.06,0.03,0.045
8.0,320,bot1,1,common,100,9,2,10,416,105,0.09,0.01,0.05
16.0,416,bot2,1,common,100,9,2,10,556,100,0.09,0.01,0.05
6.0,240,bot3,1,common,100,6,12,3,581,120,0.06,0.06,0.015
10.0,120,bot4,1,common,100,6,6,9,579,100,0.06,0.03,0.045
10.0,344,bot1,1,common,100,9,2,10,416,105,0.09,0.01,0.05
18.0,440,bot2,1,common,100,9,2,10,556,100,0.09,0.01,0.05
8.0,320,bot3,1,common,100,6,12,3,581,120,0.06,0.06,0.015
12.0,144,bot4,1,common,100,6,6,9,579,100,0.06,0.03,0.045
18.0,440,bot1,1,common,100,9,2,10,416,105,0.09,0.01,0.05
22.0,600,bot2,1,common,100,9,2,10,556,100,0.09,0.01,0.05
10.0,344,bot3,1,common,100,6,12,3,581,120,0.06,0.06,0.015
14.0,168,bot4,1,common,100,6,6,9,579,100,0.06,0.03,0.045
26.0,760,bot1,2,common,100,9,4,10,416,105,0.09,0.02,0.05
24.0,624,bot2,1,common,100,9,2,10,556,100,0.09,0.01,0.05
18.0,440,bot3,1,common,100,6,12,3,581,120,0.06,0.06,0.015
22.0,264,bot4,1,common,100,6,6,9,579,100,0.06,0.03,0.045
34.0,856,bot1,3,common,100,11,4,10,416,105,0.11,0.02,0.05
32.0,720,bot2,2,common,100,9,3,11,556,100,0.09,0.015,0.055
22.0,600,bot3,1,common,100,6,12,3,581,120,0.06,0.06,0.015
26.0,312,bot4,1,common,100,6,6,9,579,100,0.06,0.03,0.045
38.0,1016,bot1,4,common,100,11,5,11,416,105,0.11,0.025,0.055
40.0,1040,bot2,3,common,100,10,4,11,556,100,0.1,0.02,0.055
24.0,680,bot3,1,common,100,6,12,3,581,120,0.06,0.06,0.015
28.0,336,bot4,1,common,100,6,6,9,579,100,0.06,0.03,0.045
46.0,1336,bot1,5,common,100,12,6,11,416,105,0.12,0.03,0.055
48.0,1360,bot2,4,common,100,12,4,11,556,100,0.12,0.02,0.055
26.0,760,bot3,2,common,100,6,12,5,581,120,0.06,0.06,0.025
48.0,1416,bot1,5,common,100,12,6,11,416,105,0.12,0.03,0.055
56.0,1680,bot2,5,common,100,13,4,12,556,100,0.13,0.02,0.06
30.0,808,bot3,3,common,100,6,12,7,581,120,0.06,0.06,0.035
38.35,432,bot4,1,common,100,6,6,9,579,100,0.06,0.03,0.045
56.0,1512,bot1,5,common,100,12,6,11,416,105,0.12,0.03,0.055
64.0,2000,bot2,5,common,100,13,4,12,556,100,0.13,0.02,0.06
34.0,856,bot3,3,common,100,6,12,7,581,120,0.06,0.06,0.035
42.35,480,bot4,1,common,100,6,6,9,579,100,0.06,0.03,0.045
58.0,1536,bot1,5,common,100,12,6,11,416,105,0.12,0.03,0.055
72.0,2096,bot2,5,common,100,13,4,12,556,100,0.13,0.02,0.06
36.0,880,bot3,3,common,100,6,12,7,581,120,0.06,0.06,0.035
50.35,800,bot4,2,common,100,6,8,9,579,100,0.06,0.04,0.045
60.0,1560,bot1,5,common,100,12,6,11,416,105,0.12,0.03,0.055
80.0,2416,bot2,5,common,100,13,4,12,556,100,0.13,0.02,0.06
38.0,904,bot3,4,common,100,6,13,8,581,120,0.06,0.065,0.04
52.35,880,bot4,3,common,100,7,9,9,579,100,0.07,0.045,0.045
68.0,1880,bot1,5,common,100,12,6,11,416,105,0.12,0.03,0.055
82.0,2440,bot2,5,common,100,13,4,12,556,100,0.13,0.02,0.06
46.0,1224,bot3,5,common,100,7,13,9,581,120,0.07,0.065,0.045
54.35,960,bot4,4,common,100,8,9,10,579,100,0.08,0.045,0.05
70.0,1960,bot1,5,common,100,12,6,11,416,105,0.12,0.03,0.055
90.0,2536,bot2,5,common,100,13,4,12,556,100,0.13,0.02,0.06
54.0,1544,bot3,5,common,100,7,13,9,581,120,0.07,0.065,0.045
58.35,1120,bot4,5,common,100,8,10,11,579,100,0.08,0.05,0.055
72.0,2040,bot1,5,common,100,12,6,11,416,105,0.12,0.03,0.055
56.0,1624,bot3,5,common,100,7,13,9,581,120,0.07,0.065,0.045
60.35,1144,bot4,5,common,100,8,10,11,579,100,0.08,0.05,0.055
80.0,2136,bot1,5,common,100,12,6,11,416,105,0.12,0.03,0.055
100.375,2856,bot2,5,common,100,13,4,12,556,100,0.13,0.02,0.06
58.0,1648,bot3,5,common,100,7,13,9,581,120,0.07,0.065,0.045
62.35,1224,bot4,5,common,100,8,10,11,579,100,0.08,0.05,0.055
82.0,2216,bot1,5,common,100,12,6,11,416,105,0.12,0.03,0.055
104.375,3016,bot2,5,common,100,13,4,12,556,100,0.13,0.02,0.06
66.0,1968,bot3,5,common,100,7,13,9,581,120,0.07,0.065,0.045
66.35,1384,bot4,5,common,100,8,10,11,579,100,0.08,0.05,0.055
108.375,3064,bot2,5,common,100,13,4,12,556,100,0.13,0.02,0.06
70.0,2016,bot3,5,common,100,7,13,9,581,120,0.07,0.065,0.045
74.35,1480,bot4,5,common,100,8,10,11,579,100,0.08,0.05,0.055
92.55,2312,bot1,5,common,100,12,6,11,416,105,0.12,0.03,0.055
110.375,3144,bot2,5,common,100,13,4,12,556,100,0.13,0.02,0.06
72.0,2096,bot3,5,common,100,7,13,9,581,120,0.07,0.065,0.045
82.35,1576,bot4,5,common,100,8,10,11,579,100,0.08,0.05,0.055
94.55,2336,bot1,5,common,100,12,6,11,416,105,0.12,0.03,0.055
114.375,3192,bot2,5,common,100,13,4,12,556,100,0.13,0.02,0.06
76.0,2256,bot3,5,common,100,7,13,9,581,120,0.07,0.065,0.045
96.55,2416,bot1,5,common,100,12,6,11,416,105,0.12,0.03,0.055
118.375,3240,bot2,5,common,100,13,4,12,556,100,0.13,0.02,0.06
84.0,2576,bot3,5,common,100,7,13,9,581,120,0.07,0.065,0.045
92.3,1672,bot4,5,common,100,8,10,11,579,100,0.08,0.05,0.055
100.55,2576,bot1,5,common,100,12,6,11,416,105,0.12,0.03,0.055
122.375,3288,bot2,5,common,100,13,4,12,556,100,0.13,0.02,0.06
96.3,1720,bot4,5,common,100,8,10,11,579,100,0.08,0.05,0.055
108.55,2896,bot1,5,common,100,12,6,11,416,105,0.12,0.03,0.055
90.975,2624,bot3,5,common,100,7,13,9,581,120,0.07,0.065,0.045
100.3,1768,bot4,5,common,100,8,10,11,579,100,0.08,0.05,0.055
110.55,2976,bot1,5,common,100,12,6,11,416,105,0.12,0.03,0.055
132.825,3384,bot2,5,common,100,13,4,12,556,100,0.13,0.02,0.06
98.975,2944,bot3,5,common,100,7,13,9,581,120,0.07,0.065,0.045
102.3,1848,bot4,5,common,100,8,10,11,579,100,0.08,0.05,0.055
112.55,3056,bot1,5,common,100,12,6,11,416,105,0.12,0.03,0.055
136.825,3432,bot2,5,common,100,13,4,12,556,100,0.13,0.02,0.06
102.975,2992,bot3,5,common,100,7,13,9,581,120,0.07,0.065,0.045
110.3,1944,bot4,5,common,100,8,10,11,579,100,0.08,0.05,0.055
120.55,3152,bot1,5,common,100,12,6,11,416,105,0.12,0.03,0.055
140.825,3592,bot2,5,common,100,13,4,12,556,100,0.13,0.02,0.06
106.975,3152,bot3,5,common,100,7,13,9,581,120,0.07,0.065,0.045
118.3,2040,bot4,5,common,100,8,10,11,579,100,0.08,0.05,0.055
124.55,3312,bot1,5,common,100,12,6,11,416,105,0.12,0.03,0.055
148.825,3688,bot2,5,common,100,13,4,12,556,100,0.13,0.02,0.06
108.975,3232,bot3,5,common,100,7,13,9,581,120,0.07,0.065,0.045
150.825,3768,bot2,5,common,100,13,4,12,556,100,0.13,0.02,0.06
112.975,3280,bot3,5,common,100,7,13,9,581,120,0.07,0.065,0.045
128.45,2136,bot4,5,common,100,8,10,11,579,100,0.08,0.05,0.055
129.14999999999998,3392,bot1,5,common,100,12,6,11,416,105,0.12,0.03,0.055
120.975,3376,bot3,5,common,100,7,13,9,581,120,0.07,0.065,0.045
132.45,2296,bot4,5,common,100,8,10,11,579,100,0.08,0.05,0.055
133.14999999999998,3552,bot1,5,common,100,12,6,11,416,105,0.12,0.03,0.055
155.325,3848,bot2,5,common,100,13,4,12,556,100,0.13,0.02,0.06
136.45,2344,bot4,5,common,100,8,10,11,579,100,0.08,0.05,0.055
141.14999999999998,3648,bot1,5,common,100,12,6,11,416,105,0.12,0.03,0.055
163.325,3944,bot2,5,common,100,13,4,12,556,100,0.13,0.02,0.06
125.82499999999999,3400,bot3,5,common,100,7,13,9,581,120,0.07,0.065,0.045
140.45,2504,bot4,5,common,100,8,10,11,579,100,0.08,0.05,0.055
149.14999999999998,3744,bot1,5,common,100,12,6,11,416,105,0.12,0.03,0.055
165.325,4024,bot2,5,common,100,13,4,12,556,100,0.13,0.02,0.06
127.82499999999999,3480,bot3,5,common,100,7,13,9,581,120,0.07,0.065,0.045
142.45,2528,bot4,5,common,100,8,10,11,579,100,0.08,0.05,0.055
151.14999999999998,3824,bot1,5,common,100,12,6,11,416,105,0.12,0.03,0.055
167.325,4048,bot2,5,common,100,13,4,12,556,100,0.13,0.02,0.06
135.825,3800,bot3,5,common,100,7,13,9,581,120,0.07,0.065,0.045
150.45,2624,bot4,5,common,100,8,10,11,579,100,0.08,0.05,0.055
155.14999999999998,3984,bot1,5,common,100,12,6,11,416,105,0.12,0.03,0.055
175.325,4368,bot2,5,common,100,13,4,12,556,100,0.13,0.02,0.06
143.825,4120,bot3,5,common,100,7,13,9,581,120,0.07,0.065,0.045
183.325,4688,bot2,5,common,100,13,4,12,556,100,0.13,0.02,0.06
151.825,4216,bot3,5,common,100,7,13,9,581,120,0.07,0.065,0.045
156.79999999999998,2672,bot4,5,common,100,8,10,11,579,100,0.08,0.05,0.055
161.64999999999998,4032,bot1,5,common,100,12,6,11,416,105,0.12,0.03,0.055
185.325,4688,bot2,5,common,100,13,4,12,556,100,0.13,0.02,0.06
158.79999999999998,2752,bot4,5,common,100,8,10,11,579,100,0.08,0.05,0.055
165.64999999999998,4080,bot1,5,common,100,12,6,11,416,105,0.12,0.03,0.055
162.625,4536,bot3,5,common,100,7,13,9,581,120,0.07,0.065,0.045
162.79999999999998,2800,bot4,5,common,100,8,10,11,579,100,0.08,0.05,0.055
2.0,24,bot5,1,common,100,13,6,2,401,100,0.13,0.03,0.01
167.64999999999998,4104,bot1,5,common,100,12,6,11,416,105,0.12,0.03,0.055
166.625,4696,bot3,5,common,100,7,13,9,581,120,0.07,0.065,0.045
170.79999999999998,3120,bot4,5,common,100,8,10,11,579,100,0.08,0.05,0.055
6.0,72,bot5,1,common,100,13,6,2,401,100,0.13,0.03,0.01
171.64999999999998,4264,bot1,5,common,100,12,6,11,416,105,0.12,0.03,0.055
168.625,4720,bot3,5,common,100,7,13,9,581,120,0.07,0.065,0.045
178.79999999999998,3216,bot4,5,common,100,8,10,11,579,100,0.08,0.05,0.055
14.0,392,bot5,1,common,100,13,6,2,401,100,0.13,0.03,0.01
175.64999999999998,4312,bot1,5,common,100,12,6,11,416,105,0.12,0.03,0.055
172.625,4768,bot3,5,common,100,7,13,9,581,120,0.07,0.065,0.045
182.79999999999998,3264,bot4,5,common,100,8,10,11,579,100,0.08,0.05,0.055
18.0,552,bot5,1,common,100,13,6,2,401,100,0.13,0.03,0.01
179.64999999999998,4472,bot1,5,common,100,12,6,11,416,105,0.12,0.03,0.055
180.625,5088,bot3,5,common,100,7,13,9,581,120,0.07,0.065,0.045
20.0,576,bot5,1,common,100,13,6,2,401,100,0.13,0.03,0.01
184.625,5248,bot3,5,common,100,7,13,9,581,120,0.07,0.065,0.045
193.04999999999998,3584,bot4,5,common,100,8,10,11,579,100,0.08,0.05,0.055
24.0,736,bot5,2,common,100,13,7,3,401,100,0.13,0.035,0.015
183.49999999999997,4496,bot1,5,common,100,12,6,11,416,105,0.12,0.03,0.055
188.625,5296,bot3,5,common,100,7,13,9,581,120,0.07,0.065,0.045
195.04999999999998,3608,bot4,5,common,100,8,10,11,579,100,0.08,0.05,0.055
28.0,896,bot5,3,common,100,14,8,3,401,100,0.14,0.04,0.015
191.49999999999997,4816,bot1,5,common,100,12,6,11,416,105,0.12,0.03,0.055
192.625,5456,bot3,5,common,100,7,13,9,581,120,0.07,0.065,0.045
197.04999999999998,3632,bot4,5,common,100,8,10,11,579,100,0.08,0.05,0.055
32.0,1056,bot5,4,common,100,14,8,5,401,100,0.14,0.04,0.025
193.49999999999997,4896,bot1,5,common,100,12,6,11,416,105,0.12,0.03,0.055
196.625,5504,bot3,5,common,100,7,13,9,581,120,0.07,0.065,0.045
199.04999999999998,3656,bot4,5,common,100,8,10,11,579,100,0.08,0.05,0.055
36.0,1104,bot5,5,common,100,15,9,5,401,100,0.15,0.045,0.025
195.49999999999997,4920,bot1,5,common,100,12,6,11,416,105,0.12,0.03,0.055
201.04999999999998,3680,bot4,5,common,100,8,10,11,579,100,0.08,0.05,0.055
44.0,1424,bot5,5,common,100,15,9,5,401,100,0.15,0.045,0.025
197.49999999999997,5000,bot1,5,common,100,12,6,11,416,105,0.12,0.03,0.055
203.475,5664,bot3,5,common,100,7,13,9,581,120,0.07,0.065,0.045
205.04999999999998,3840,bot4,5,common,100,8,10,11,579,100,0.08,0.05,0.055
48.0,1584,bot5,5,common,100,15,9,5,401,100,0.15,0.045,0.025
205.49999999999997,5320,bot1,5,common,100,12,6,11,416,105,0.12,0.03,0.055
205.475,5744,bot3,5,common,100,7,13,9,581,120,0.07,0.065,0.045
207.04999999999998,3920,bot4,5,common,100,8,10,11,579,100,0.08,0.05,0.055
56.0,1904,bot5,5,common,100,15,9,5,401,100,0.15,0.045,0.025
207.475,5824,bot3,5,common,100,7,13,9,581,120,0.07,0.065,0.045
211.04999999999998,3968,bot4,5,common,100,8,10,11,579,100,0.08,0.05,0.055
58.0,1928,bot5,5,common,100,15,9,5,401,100,0.15,0.045,0.025
211.34999999999997,5480,bot1,5,common,100,12,6,11,416,105,0.12,0.03,0.055
211.475,5872,bot3,5,common,100,7,13,9,581,120,0.07,0.065,0.045
213.04999999999998,4048,bot4,5,common,100,8,10,11,579,100,0.08,0.05,0.055
66.0,2024,bot5,5,common,100,15,9,5,401,100,0.15,0.045,0.025
219.34999999999997,5576,bot1,5,common,100,12,6,11,416,105,0.12,0.03,0.055
213.475,5952,bot3,5,common,100,7,13,9,581,120,0.07,0.065,0.045
215.04999999999998,4072,bot4,5,common,100,8,10,11,579,100,0.08,0.05,0.055
227.34999999999997,5672,bot1,5,common,100,12,6,11,416,105,0.12,0.03,0.055
215.475,6032,bot3,5,common,100,7,13,9,581,120,0.07,0.065,0.045
72.125,2184,bot5,5,common,100,15,9,5,401,100,0.15,0.045,0.025
235.34999999999997,5768,bot1,5,common,100,12,6,11,416,105,0.12,0.03,0.055
223.475,6352,bot3,5,common,100,7,13,9,581,120,0.07,0.065,0.045
225.45,4168,bot4,5,common,100,8,10,11,579,100,0.08,0.05,0.055
76.125,2232,bot5,5,common,100,15,9,5,401,100,0.15,0.045,0.025
239.34999999999997,5816,bot1,5,common,100,12,6,11,416,105,0.12,0.03,0.055
231.475,6448,bot3,5,common,100,7,13,9,581,120,0.07,0.065,0.045
233.45,4488,bot4,5,common,100,8,10,11,579,100,0.08,0.05,0.055
84.125,2328,bot5,5,common,100,15,9,5,401,100,0.15,0.045,0.025
243.34999999999997,5976,bot1,5,common,100,12,6,11,416,105,0.12,0.03,0.055
233.475,6472,bot3,5,common,100,7,13,9,581,120,0.07,0.065,0.045
235.45,4512,bot4,5,common,100,8,10,11,579,100,0.08,0.05,0.055
92.125,2648,bot5,5,uncommon,100,15,9,5,401,100,0.15,0.045,0.025
235.475,6496,bot3,5,common,100,7,13,9,581,120,0.07,0.065,0.045
243.45,4832,bot4,5,common,100,8,10,11,579,100,0.08,0.05,0.055
100.125,2968,bot5,5,uncommon,100,15,9,5,401,100,0.15,0.045,0.025
249.94999999999996,6136,bot1,5,common,100,12,6,11,416,105,0.12,0.03,0.055
239.475,6656,bot3,5,common,100,7,13,9,581,120,0.07,0.065,0.045
247.45,4992,bot4,5,common,100,8,10,11,579,100,0.08,0.05,0.055
257.94999999999993,6232,bot1,5,common,100,12,6,11,416,105,0.12,0.03,0.055
249.45,5016,bot4,5,common,100,8,10,11,579,100,0.08,0.05,0.055
104.525,2992,bot5,5,uncommon,100,15,9,5,401,100,0.15,0.045,0.025
259.94999999999993,6256,bot1,5,common,100,12,6,11,416,105,0.12,0.03,0.055
244.375,6736,bot3,5,common,100,7,13,9,581,120,0.07,0.065,0.045
106.525,3016,bot5,5,uncommon,100,15,9,5,401,100,0.15,0.045,0.025
263.94999999999993,6416,bot1,5,common,100,12,6,11,416,105,0.12,0.03,0.055
252.375,6832,bot3,5,common,100,7,13,9,581,120,0.07,0.065,0.045
255.5,5064,bot4,5,common,100,8,10,11,579,100,0.08,0.05,0.055
108.525,3096,bot5,5,uncommon,100,15,9,5,401,100,0.15,0.045,0.025
271.94999999999993,6512,bot1,5,common,100,12,6,11,416,105,0.12,0.03,0.055
260.375,7152,bot3,5,common,100,7,13,9,581,120,0.07,0.065,0.045
257.5,5088,bot4,5,common,100,8,10,11,579,100,0.08,0.05,0.055
116.525,3192,bot5,5,uncommon,100,15,9,5,401,100,0.15,0.045,0.025
275.94999999999993,6672,bot1,5,common,100,12,6,11,416,105,0.12,0.03,0.055
264.375,7200,bot3,5,common,100,7,13,9,581,120,0.07,0.065,0.045
261.5,5136,bot4,5,common,100,8,10,11,579,100,0.08,0.05,0.055
124.525,3512,bot5,5,uncommon,100,15,9,5,401,100,0.15,0.045,0.025
272.375,7296,bot3,5,common,100,7,13,9,581,120,0.07,0.065,0.045
263.5,5160,bot4,5,common,100,8,10,11,579,100,0.08,0.05,0.055
128.525,3672,bot5,5,uncommon,100,15,9,5,401,100,0.15,0.045,0.025
285.99999999999994,6992,bot1,5,common,100,12,6,11,416,105,0.12,0.03,0.055
280.375,7616,bot3,5,common,100,7,13,9,581,120,0.07,0.065,0.045
265.5,5240,bot4,5,common,100,8,10,11,579,100,0.08,0.05,0.055
136.525,3768,bot5,5,uncommon,100,15,9,5,401,100,0.15,0.045,0.025
287.99999999999994,7016,bot1,5,common,100,12,6,11,416,105,0.12,0.03,0.055
273.5,5560,bot4,5,common,100,8,10,11,579,100,0.08,0.05,0.055
295.99999999999994,7112,bot1,5,common,100,12,6,11,416,105,0.12,0.03,0.055
287.275,7664,bot3,5,common,100,7,13,9,581,120,0.07,0.065,0.045
275.5,5584,bot4,5,common,100,8,10,11,579,100,0.08,0.05,0.055
147.025,4088,bot5,5,uncommon,100,15,9,5,401,100,0.15,0.045,0.025
303.99999999999994,7432,bot1,5,common,100,12,6,11,416,105,0.12,0.03,0.055
291.275,7712,bot3,5,common,100,7,13,9,581,120,0.07,0.065,0.045
277.5,5608,bot4,5,common,100,8,10,11,579,100,0.08,0.05,0.055
149.025,4112,bot5,5,uncommon,100,15,9,5,401,100,0.15,0.045,0.025
305.99999999999994,7512,bot1,5,common,100,12,6,11,416,105,0.12,0.03,0.055
299.275,8032,bot3,5,common,100,7,13,9,581,120,0.07,0.065,0.045
151.025,4192,bot5,5,uncommon,100,15,9,5,401,100,0.15,0.045,0.025
303.275,8080,bot3,5,common,100,7,13,9,581,120,0.07,0.065,0.045
281.5,5688,bot4,5,common,100,8,10,11,579,100,0.08,0.05,0.055
155.025,4352,bot5,5,uncommon,100,15,9,5,401,100,0.15,0.045,0.025
316.49999999999994,7608,bot1,5,common,100,12,6,11,416,105,0.12,0.03,0.055
311.275,8176,bot3,5,common,100,7,13,9,581,120,0.07,0.065,0.045
289.5,6008,bot4,5,common,100,8,10,11,579,100,0.08,0.05,0.055
159.025,4512,bot5,5,uncommon,100,15,9,5,401,100,0.15,0.045,0.025
320.49999999999994,7656,bot1,5,common,100,12,6,11,416,105,0.12,0.03,0.055
313.275,8256,bot3,5,common,100,7,13,9,581,120,0.07,0.065,0.045
293.5,6168,bot4,5,common,100,8,10,11,579,100,0.08,0.05,0.055
167.025,4608,bot5,5,uncommon,100,15,9,5,401,100,0.15,0.045,0.025
328.49999999999994,7976,bot1,5,common,100,12,6,11,416,105,0.12,0.03,0.055
321.275,8576,bot3,5,common,100,7,13,9,581,120,0.07,0.065,0.045
295.5,6248,bot4,5,common,100,8,10,11,579,100,0.08,0.05,0.055
332.49999999999994,8024,bot1,5,common,100,12,6,11,416,105,0.12,0.03,0.055
303.5,6344,bot4,5,common,100,8,10,11,579,100,0.08,0.05,0.055
173.275,4768,bot5,5,uncommon,100,15,9,5,401,100,0.15,0.045,0.025
336.49999999999994,8184,bot1,5,common,100,12,6,11,416,105,0.12,0.03,0.055
325.775,8600,bot3,5,common,100,7,13,9,581,120,0.07,0.065,0.045
307.5,6392,bot4,5,common,100,8,10,11,579,100,0.08,0.05,0.055
181.275,4864,bot5,5,uncommon,100,15,9,5,401,100,0.15,0.045,0.025
340.49999999999994,8232,bot1,5,common,100,12,6,11,416,105,0.12,0.03,0.055
327.775,8680,bot3,5,common,100,7,13,9,581,120,0.07,0.065,0.045
311.5,6440,bot4,5,common,100,8,10,11,579,100,0.08,0.05,0.055
183.275,4944,bot5,5,uncommon,100,15,9,5,401,100,0.15,0.045,0.025
329.775,8760,bot3,5,common,100,7,13,9,581,120,0.07,0.065,0.045
315.5,6600,bot4,5,common,100,8,10,11,579,100,0.08,0.05,0.055
191.275,5040,bot5,5,uncommon,100,15,9,5,401,100,0.15,0.045,0.025
346.69999999999993,8392,bot1,5,common,100,12,6,11,416,105,0.12,0.03,0.055
333.775,8920,bot3,5,common,100,7,13,9,581,120,0.07,0.065,0.045
195.275,5200,bot5,5,uncommon,100,15,9,5,401,100,0.15,0.045,0.025
354.69999999999993,8488,bot1,5,common,100,12,6,11,416,105,0.12,0.03,0.055
337.775,9080,bot3,5,common,100,7,13,9,581,120,0.07,0.065,0.045
321.85,6760,bot4,5,common,100,8,10,11,579,100,0.08,0.05,0.055
197.275,5280,bot5,5,uncommon,100,15,9,5,401,100,0.15,0.045,0.025
358.69999999999993,8648,bot1,5,common,100,12,6,11,416,105,0.12,0.03,0.055
345.775,9176,bot3,5,common,100,7,13,9,581,120,0.07,0.065,0.045
329.85,7080,bot4,5,common,100,8,10,11,579,100,0.08,0.05,0.055
205.275,5600,bot5,5,uncommon,100,15,9,5,401,100,0.15,0.045,0.025
362.69999999999993,8696,bot1,5,common,100,12,6,11,416,105,0.12,0.03,0.055
353.775,9272,bot3,5,common,100,7,13,9,581,120,0.07,0.065,0.045
333.85,7128,bot4,5,common,100,8,10,11,579,100,0.08,0.05,0.055
207.275,5680,bot5,5,uncommon,100,15,9,5,401,100,0.15,0.045,0.025
370.69999999999993,8792,bot1,5,common,100,12,6,11,416,105,0.12,0.03,0.055
361.775,9368,bot3,5,common,100,7,13,9,581,120,0.07,0.065,0.045
335.85,7208,bot4,5,common,100,8,10,11,579,100,0.08,0.05,0.055
369.775,9688,bot3,5,common,100,7,13,9,581,120,0.07,0.065,0.045
343.85,7304,bot4,5,common,100,8,10,11,579,100,0.08,0.05,0.055
217.32500000000002,5776,bot5,5,uncommon,100,15,9,5,401,100,0.15,0.045,0.025
374.8999999999999,8816,bot1,5,common,100,12,6,11,416,105,0.12,0.03,0.055
347.85,7464,bot4,5,common,100,8,10,11,579,100,0.08,0.05,0.055
221.32500000000002,5936,bot5,5,uncommon,100,15,9,5,401,100,0.15,0.045,0.025
382.8999999999999,9136,bot1,5,common,100,12,6,11,416,105,0.12,0.03,0.055
374.625,9712,bot3,5,common,100,7,13,9,581,120,0.07,0.065,0.045
351.85,7512,bot4,5,common,100,8,10,11,579,100,0.08,0.05,0.055
223.32500000000002,6016,bot5,5,uncommon,100,15,9,5,401,100,0.15,0.045,0.025
386.8999999999999,9296,bot1,5,common,100,12,6,11,416,105,0.12,0.03,0.055
376.625,9736,bot3,5,common,100,7,13,9,581,120,0.07,0.065,0.045
225.32500000000002,6096,bot5,5,uncommon,100,15,9,5,401,100,0.15,0.045,0.025
394.8999999999999,9616,bot1,5,common,100,12,6,11,416,105,0.12,0.03,0.055
378.625,9760,bot3,5,common,100,7,13,9,581,120,0.07,0.065,0.045
356.3,7592,bot4,5,common,100,8,10,11,579,100,0.08,0.05,0.055
229.32500000000002,6144,bot5,5,uncommon,100,15,9,5,401,100,0.15,0.045,0.025
396.8999999999999,9640,bot1,5,common,100,12,6,11,416,105,0.12,0.03,0.055
380.625,9840,bot3,5,common,100,7,13,9,581,120,0.07,0.065,0.045
360.3,7752,bot4,5,common,100,8,10,11,579,100,0.08,0.05,0.055
233.32500000000002,6304,bot5,5,uncommon,100,15,9,5,401,100,0.15,0.045,0.025
400.8999999999999,9688,bot1,5,common,100,12,6,11,416,105,0.12,0.03,0.055
388.625,10160,bot3,5,common,100,7,13,9,581,120,0.07,0.065,0.045
368.3,8072,bot4,5,common,100,8,10,11,579,100,0.08,0.05,0.055
235.32500000000002,6384,bot5,5,uncommon,100,15,9,5,401,100,0.15,0.045,0.025
402.8999999999999,9768,bot1,5,common,100,12,6,11,416,105,0.12,0.03,0.055
392.625,10208,bot3,5,common,100,7,13,9,581,120,0.07,0.065,0.045
372.3,8120,bot4,5,common,100,8,10,11,579,100,0.08,0.05,0.055
243.32500000000002,6704,bot5,5,uncommon,100,15,9,5,401,100,0.15,0.045,0.025
404.8999999999999,9792,bot1,5,common,100,12,6,11,416,105,0.12,0.03,0.055
394.625,10288,bot3,5,common,100,7,13,9,581,120,0.07,0.065,0.045
374.3,8144,bot4,5,common,100,8,10,11,579,100,0.08,0.05,0.055
402.625,10384,bot3,5,common,100,7,13,9,581,120,0.07,0.065,0.045
378.3,8304,bot4,5,common,100,8,10,11,579,100,0.08,0.05,0.055
247.775,6784,bot5,5,uncommon,100,15,9,5,401,100,0.15,0.045,0.025
411.3999999999999,9952,bot1,5,common,100,12,6,11,416,105,0.12,0.03,0.055
386.3,8624,bot4,5,common,100,8,10,11,579,100,0.08,0.05,0.055
251.775,6832,bot5,5,uncommon,100,15,9,5,401,100,0.15,0.045,0.025
415.3999999999999,10000,bot1,5,common,100,12,6,11,416,105,0.12,0.03,0.055
413.075,10480,bot3,5,common,100,7,13,9,581,120,0.07,0.065,0.045
390.3,8784,bot4,5,common,100,8,10,11,579,100,0.08,0.05,0.055
255.775,6880,bot5,5,uncommon,100,15,9,5,401,100,0.15,0.045,0.025
417.3999999999999,10024,bot1,5,common,100,12,6,11,416,105,0.12,0.03,0.055
421.075,10800,bot3,5,common,100,7,13,9,581,120,0.07,0.065,0.045
392.3,8808,bot4,5,common,100,8,10,11,579,100,0.08,0.05,0.055
263.775,6976,bot5,5,uncommon,100,15,9,5,401,100,0.15,0.045,0.025
419.3999999999999,10048,bot1,5,common,100,12,6,11,416,105,0.12,0.03,0.055
425.075,10960,bot3,5,common,100,7,13,9,581,120,0.07,0.065,0.045
267.775,7136,bot5,5,uncommon,100,15,9,5,401,100,0.15,0.045,0.025
421.3999999999999,10128,bot1,5,common,100,12,6,11,416,105,0.12,0.03,0.055
427.075,11040,bot3,5,common,100,7,13,9,581,120,0.07,0.065,0.045
398.75,8856,bot4,5,common,100,8,10,11,579,100,0.08,0.05,0.055
275.775,7232,bot5,5,uncommon,100,15,9,5,401,100,0.15,0.045,0.025
429.3999999999999,10448,bot1,5,common,100,12,6,11,416,105,0.12,0.03,0.055
435.075,11360,bot3,5,common,100,7,13,9,581,120,0.07,0.065,0.045
400.75,8880,bot4,5,common,100,8,10,11,579,100,0.08,0.05,0.055
437.3999999999999,10768,bot1,5,common,100,12,6,11,416,105,0.12,0.03,0.055
437.075,11440,bot3,5,common,100,7,13,9,581,120,0.07,0.065,0.045
408.75,9200,bot4,5,common,100,8,10,11,579,100,0.08,0.05,0.055
280.17499999999995,7256,bot5,5,uncommon,100,15,9,5,401,100,0.15,0.045,0.025
445.3999999999999,11088,bot1,5,common,100,12,6,11,416,105,0.12,0.03,0.055
441.075,11600,bot3,5,common,100,7,13,9,581,120,0.07,0.065,0.045
410.75,9224,bot4,5,common,100,8,10,11,579,100,0.08,0.05,0.055
282.17499999999995,7336,bot5,5,uncommon,100,15,9,5,401,100,0.15,0.045,0.025
412.75,9304,bot4,5,common,100,8,10,11,579,100,0.08,0.05,0.055
286.17499999999995,7496,bot5,5,uncommon,100,15,9,5,401,100,0.15,0.045,0.025
